State Name,District Name,Dealer Type,Agency Name,Sub District Name,Village Name
West Bengal,Bankura,WHOLESALER,CHASI GHAR,Bankura - II,
West Bengal,Bankura,WHOLESALER,BAGRAJSINI KRISHI BHAN.PVT.LTD,Bankura - II,
West Bengal,Bankura,WHOLESALER,Bankim Chandra Makur,Vishnupur,
West Bengal,Bankura,WHOLESALER,Bankura Krishi Kendra,,Sub District Headquater
West Bengal,Bankura,WHOLESALER,Beliatore A. S.Centre,,Sub District Headquater
West Bengal,Bankura,WHOLESALER,Bhumi Lakshmi Krishi Bhandar,Vishnupur,Sub District Headquater
West Bengal,Bankura,WHOLESALER,Debdulal Guin,Vishnupur,
West Bengal,Bankura,WHOLESALER,Dulal Chndra Nandi,,Sub District Headquater
West Bengal,Bankura,WHOLESALER,Dutta Krishi Bipani,,Sub District Headquater
West Bengal,Bankura,WHOLESALER,Khosalpur Skus,Patrasayer,Khosalpur
West Bengal,Bankura,WHOLESALER,Krishak Agency,,Sub District Headquater
West Bengal,Bankura,WHOLESALER,Krishi Bhandar,Vishnupur,Mayara Pukur
West Bengal,Bankura,WHOLESALER,Krishi Kendra,,Sub District Headquater
West Bengal,Bankura,WHOLESALER,Mallabhum Krishi Bhandar,,Sub District Headquater
West Bengal,Bankura,WHOLESALER,Mallick Krishi Bipani,,
West Bengal,Bankura,WHOLESALER,Mandal Traders,Bankura - I,Dhaldanga
West Bengal,Bankura,WHOLESALER,Mrinal Kanti Mahapatra,,Sub District Headquater
West Bengal,Bankura,WHOLESALER,Nandi Agro Service Centre,,Sub District Headquater
West Bengal,Bankura,WHOLESALER,Pintu Mallick,Khatra,Sub District Headquater
West Bengal,Bankura,WHOLESALER,Iffdc Kbskranjit Kumar Mandal ,Jaypur,Dasdighi
West Bengal,Bankura,WHOLESALER,Ranjit Kumar Mishra,Khatra,Sub District Headquater
West Bengal,Bankura,WHOLESALER,Shree Lakshmi Krishi Bhandar,,Sub District Headquater
West Bengal,Bankura,WHOLESALER,Siddhartha Shankar Shit,,Sub District Headquater
West Bengal,Bankura,WHOLESALER,Sital Prasad Nandi,,Sub District Headquater
West Bengal,Bankura,WHOLESALER,Sreebash Agro Service Centre,Sonamukhi,Sonamukhi (P)
West Bengal,Bankura,WHOLESALER,Sujit Chakarabarty,Raipur,Matgoda
West Bengal,Bankura,WHOLESALER,Surajit Misra,Khatra,Sub District Headquater
West Bengal,Bankura,WHOLESALER,Swapan Kumar Maji,Simlapal,Sub District Headquater
West Bengal,Bankura,WHOLESALER,West Bengal State Co-Operative,Bankura - I,
West Bengal,Bankura,WHOLESALER,Shyamapad Gangopadhyaya,Kotulpur,Koalpara
West Bengal,Bankura,WHOLESALER,Swapan Kumar Maji,,
West Bengal,Bankura,WHOLESALER,Debendu Duary,,
West Bengal,Bankura,WHOLESALER,Mujibar Rahaman Mondal,,
West Bengal,Bankura,WHOLESALER,Prasanta Kundu,,
West Bengal,Bankura,WHOLESALER,Sanjit Biswas,,Sub District Headquater
West Bengal,Bankura,WHOLESALER,Santanu Roy,,Sub District Headquater
West Bengal,Bankura,WHOLESALER,Sk. Safiur Rahaman,,Sub District Headquater
West Bengal,Bankura,WHOLESALER,Subarna Bag,,Sub District Headquater
West Bengal,Bankura,WHOLESALER,Subhasis Rakhit,,
West Bengal,Bankura,WHOLESALER,Sujit Kumar Nandi,,
West Bengal,Bankura,WHOLESALER,Sri Ujjwal Dutta,Bankura - I,
West Bengal,Bankura,WHOLESALER,Kalyan Kumar Ghar,Sonamukhi,Sonamukhi (P)
West Bengal,Bankura,WHOLESALER,Uma Kanta Pal,Sonamukhi,Patjor
West Bengal,Bankura,WHOLESALER,Smt. Sandhya Rani Sen,Raipur,Phulkusma
West Bengal,Bankura,WHOLESALER,Nepal Chandra Ghosh,Barjora,
West Bengal,Bankura,WHOLESALER,Mahadeb Ghosh,Kotulpur,Karak Berya
West Bengal,Bankura,WHOLESALER,M/Ssreelakshmikrishibhandar,Bankura - II,Junbede
West Bengal,Bankura,WHOLESALER,Aloke Kumar Laha,Kotulpur,Lallbazar
West Bengal,Bankura,WHOLESALER,Ramprasad Goswami,Patrasayer,Rameswar Kunria
West Bengal,Bankura,WHOLESALER,West Bengal State Seed Corporn,Bankura - I,Bankata
West Bengal,Bankura,WHOLESALER,IFFDC-FATIKA (ABUL H. MONDAL),Indus,Fatika
West Bengal,Bankura,WHOLESALER,WBSSC Limited,Bankura - I,Achuri
West Bengal,Bankura,WHOLESALER,WBSSC,Bankura - I,Achuri
West Bengal,Bankura,WHOLESALER,MORAR KRISHI BHANDER,Vishnupur,
West Bengal,Bankura,WHOLESALER,Hindustan Insecticides Limited,Bankura - I,
West Bengal,Bankura,WHOLESALER,Deshra LSPCACS Ltd.,Kotulpur,
West Bengal,Bankura,WHOLESALER,Sandip Banerjee,Vishnupur,
West Bengal,Bankura,WHOLESALER,Pitambar Subuddhi,Khatra,
West Bengal,Bankura,WHOLESALER,NANDADULAL DEY,Vishnupur,
West Bengal,Bankura,WHOLESALER,BHUBANESWAR KRISHI BHANDER,Kotulpur,
West Bengal,Bankura,WHOLESALER,BALARAM DEY & OTHERS,Onda,
West Bengal,Bankura,WHOLESALER,RAMA GHOSH,Kotulpur,
West Bengal,Bankura,WHOLESALER,CHICHINGA FATIKA SKUS ,Indus,
West Bengal,Bankura,WHOLESALER,REKHA DAS,Jaypur,
West Bengal,Bankura,WHOLESALER,PATRASAYER TCMS LTD,Patrasayer,
West Bengal,Bankura,WHOLESALER,ARINDAM MONDAL,Jaypur,
West Bengal,Bankura,WHOLESALER,INDAS TPLSCAMS,Indus,
West Bengal,Bankura,WHOLESALER,HEMANTA NANDI,Indus,
West Bengal,Bankura,WHOLESALER,MOYNAPUR A SKUS,Jaypur,
West Bengal,Bankura,WHOLESALER,SANDIP BANERJEE,Vishnupur,
West Bengal,Bankura,WHOLESALER,KAMAKSHMYA DEBI FERTILIZER,Indus,
West Bengal,Bankura,WHOLESALER,KOTULPUR CMS LTD,Kotulpur,
West Bengal,Bankura,WHOLESALER,KARTICK CHANDRA RAKSHIT,Vishnupur,
West Bengal,Bankura,WHOLESALER,CHASI GHAR -KARRA,Khatra,
West Bengal,Bankura,WHOLESALER,DIPU GHOSH,Kotulpur,
West Bengal,Bankura,WHOLESALER,MahapatraAgency,Raipur,
West Bengal,Bankura,WHOLESALER,GELIA UNION LSPCACS LTD,Jaypur,
West Bengal,Bankura,WHOLESALER,Rahagram S.K.U.S Ltd,Jaypur,
West Bengal,Bankura,WHOLESALER,Narayan Chandra Garai,Bankura - I,
West Bengal,Bankura,WHOLESALER,PPL Bankura,Bankura - I,
West Bengal,Bankura,WHOLESALER,TALDANGRA SKUS LTD,Taldangra,
West Bengal,Bankura,WHOLESALER,JHANTIPAHARI LAMPS LTD,Chhatna,
West Bengal,Bankura,WHOLESALER,IFFDC,Chhatna,
West Bengal,Bankura,WHOLESALER,SANKHA GANGULY,Kotulpur,
West Bengal,Bankura,WHOLESALER,Subhajit Guin,Kotulpur,
West Bengal,Bankura,WHOLESALER,SUMANTA KUMAR NANDI,Indus,
West Bengal,Bankura,RETAILER,Taldangra Tcms Ltd,Taldangra,Taldangra
West Bengal,Bankura,RETAILER,Bikrampur Skus Ltd,Simlapal,Bikrampur
West Bengal,Bankura,RETAILER,Ghutghuria Skus,Barjora,
West Bengal,Bankura,RETAILER,Bhairabpur Skus,Barjora,Bhairabpur
West Bengal,Bankura,RETAILER,Chaka Skus Ltd,Raipur,Golor
West Bengal,Bankura,RETAILER,Sidi Skus,Raipur,
West Bengal,Bankura,RETAILER,Brahmandiha Skus Ltd,Sarenga,
West Bengal,Bankura,RETAILER,Jotebehar Skus Ltd,Indus,Jot Behar
West Bengal,Bankura,RETAILER,Deulbhira Skus Ltd,Taldangra,Deulbhira
West Bengal,Bankura,RETAILER,Hazrapukur Skus,Kotulpur,Hazra Pushkarini
West Bengal,Bankura,RETAILER,Jashdighi Skus Ltd,Indus,Jashdighi
West Bengal,Bankura,RETAILER,Puncha Skus,Onda,Puncha
West Bengal,Bankura,RETAILER,Jaganathpur Skus,Jaypur,Jagannathpur
West Bengal,Bankura,RETAILER,Gopinathpur Skus,Kotulpur,Gopinathpur
West Bengal,Bankura,RETAILER,Chorkola Ramdiha Skus,Kotulpur,Chorkola
West Bengal,Bankura,RETAILER,Ranikhamar Skus Ltd,Vishnupur,Dwarika
West Bengal,Bankura,RETAILER,Haludkanali (G) Skus Ltd,Ranibundh,Halud Kanali
West Bengal,Bankura,RETAILER,Badulara SKUS Ltd,Bankura - I,Badulara
West Bengal,Bankura,RETAILER,Galia Skus,Jaypur,Gelia
West Bengal,Bankura,RETAILER,Brindabanpur Skus,Barjora,Brindabanpur
West Bengal,Bankura,RETAILER,Gamidya Skus,Onda,Gamidya
West Bengal,Bankura,RETAILER,Krishnabati Skus Ltd,Patrasayer,Krishna Bati
West Bengal,Bankura,RETAILER,Kotalpur Tcms Ltd,Kotulpur,
West Bengal,Bankura,RETAILER,Sarada(Balitha) Skus,Kotulpur,Balitha
West Bengal,Bankura,RETAILER,Gopalnagar Hetagora Skus Ltd,Simlapal,
West Bengal,Bankura,RETAILER,Deshra L/S Pcas Ltd,Kotulpur,Deshra
West Bengal,Bankura,RETAILER,Khalogram Skus Ltd,Taldangra,Khalgram
West Bengal,Bankura,RETAILER,Khiraijuri Malindasi Skus Ltd,Bankura - II,Khiraijuri
West Bengal,Bankura,RETAILER,Deopara Skus,Kotulpur,Koalpara
West Bengal,Bankura,RETAILER,Shyamnagar Skus,Jaypur,Shyamnagar
West Bengal,Bankura,RETAILER,T. Salboni Skus Ltd,Raipur,Thakurabada
West Bengal,Bankura,RETAILER,Bhedua Skus Ltd,Taldangra,Bhedua
West Bengal,Bankura,RETAILER,Chaumachina Skus,Vishnupur,Joyrampur
West Bengal,Bankura,RETAILER,Bishnupur Thana Pry. L/S Cams,Vishnupur,Mayara Pukur
West Bengal,Bankura,RETAILER,Lakshmisagar L.S.P.C.A.C.S Ltd,Simlapal,Lakshmisagar
West Bengal,Bankura,RETAILER,Tilaboni Skus Ltd,Simlapal,Tilabani
West Bengal,Bankura,RETAILER,Bhagabanpur Skus,Sonamukhi,Dhan Simla
West Bengal,Bankura,RETAILER,Bantila Skus,Khatra,Bantilla
West Bengal,Bankura,RETAILER,Kalyani Skus Ltd,Indpur,
West Bengal,Bankura,RETAILER,Somsar Skus Ltd,Indus,Somsar
West Bengal,Bankura,RETAILER,Patit Skus Ltd,Patrasayer,Patit Dommahal
West Bengal,Bankura,RETAILER,Indas Tcms ,Indus,Indus
West Bengal,Bankura,RETAILER,Churamanipur Skus,Onda,Churamanipur
West Bengal,Bankura,RETAILER,Bhimara Keshatora Skus Ltd,Taldangra,Bhimara
West Bengal,Bankura,RETAILER,Kusumtikri Skus,Sarenga,Kusumtikri
West Bengal,Bankura,RETAILER,Ichharia Skus,Sonamukhi,Ichharia
West Bengal,Bankura,RETAILER,Bagsonda Skus Ltd,Ranibundh,Bag Sanda
West Bengal,Bankura,RETAILER,Agaya Skus Ltd,Sarenga,Agaya
West Bengal,Bankura,RETAILER,Krishnapur Skus,Sarenga,Krishnapur
West Bengal,Bankura,RETAILER,Sarenga Anchal Skus Ltd,Sarenga,Sarenga
West Bengal,Bankura,RETAILER,Manogram Rajaprasad Skus,Barjora,Managram
West Bengal,Bankura,RETAILER,Dhadkidihi Skus,Ranibundh,Dhadkidihi
West Bengal,Bankura,RETAILER,Agunkumari Skus Ltd,Vishnupur,Agun Kumari
West Bengal,Bankura,RETAILER,Layer Skus,Vishnupur,Joykrishnapur
West Bengal,Bankura,RETAILER,Dibakarbati Skus Ltd,Indus,Dibakar Bati
West Bengal,Bankura,RETAILER,Jhantipahari Lamps Ltd.,Chhatna,
West Bengal,Bankura,RETAILER,Mirjapur Netaji Janakalyan Sku,Kotulpur,Bramhanairi
West Bengal,Bankura,RETAILER,Bheduashole Uttaranchal Skus L,Indpur,Bheduasol
West Bengal,Bankura,RETAILER,Chak Patrasayer Skus Ltd,Patrasayer,Chak Patra Saer
West Bengal,Bankura,RETAILER,Belut Rasulpur Skus Ltd,Patrasayer,Belut
West Bengal,Bankura,RETAILER,Dighi Bhagra Skus Ltd,Sarenga,
West Bengal,Bankura,RETAILER,Sihore L.S. Pcas Ltd,Kotulpur,Sihar
West Bengal,Bankura,RETAILER,Andharia Skus,Sarenga,Andharia
West Bengal,Bankura,RETAILER,Darapur Skus,Kotulpur,Darapur
West Bengal,Bankura,RETAILER,Kotalpur Fsc Ltd,Kotulpur,
West Bengal,Bankura,RETAILER,Bhutsahar Skus Ltd,Simlapal,Bhutsahar
West Bengal,Bankura,RETAILER,Sonadipa Skus,Sonamukhi,Sona Dwipa
West Bengal,Bankura,RETAILER,Sendra Skus Ltd,Bankura - II,Sendra
West Bengal,Bankura,RETAILER,Sidhu-Kanu Lamps,Hirbandh,
West Bengal,Bankura,RETAILER,Keshia Kadra Skus Ltd,Khatra,Kesia
West Bengal,Bankura,RETAILER,Besora Skus Ltd,Chhatna,Penchasimul
West Bengal,Bankura,RETAILER,Dakai Dahala Skus Ltd.,Khatra,Dakai
West Bengal,Bankura,RETAILER,Maheshpur Skus,Sonamukhi,Mahespur (P)
West Bengal,Bankura,RETAILER,Satpatta Skus,Raipur,Satpatta
West Bengal,Bankura,RETAILER,Cngs Lamps,Raipur,
West Bengal,Bankura,RETAILER,Ladda Skus,Sarenga,
West Bengal,Bankura,RETAILER,Garrah Skus Ltd,Sarenga,
West Bengal,Bankura,RETAILER,Moynapur A Skus Ltd,Jaypur,Maynapur
West Bengal,Bankura,RETAILER,Jamkuri Skus Ltd,Patrasayer,Jamkuri
West Bengal,Bankura,RETAILER,Bon Dubrajpur Skus Ltd,Simlapal,Dubrajpur
West Bengal,Bankura,RETAILER,Kapista Skus Ltd,Bankura - I,Kapistha
West Bengal,Bankura,RETAILER,Hatirampur Skus Ltd,Khatra,
West Bengal,Bankura,RETAILER,Danna Konnagar Skus Ltd,Patrasayer,Danna
West Bengal,Bankura,RETAILER,Hat-Ashuria Skus,Barjora,Hatashuria
West Bengal,Bankura,RETAILER,Kshirsole Skus Ltd,Chhatna,Khirshol
West Bengal,Bankura,RETAILER,Upardihi Bakshibandh Skus Ltd,Chhatna,Upar Dihi
West Bengal,Bankura,RETAILER,Banogram Skus Ltd,Chhatna,Banagram
West Bengal,Bankura,RETAILER,Kantashi Skus,Kotulpur,Kantasi
West Bengal,Bankura,RETAILER,Simlapal Adibasi Lamps,Simlapal,
West Bengal,Bankura,RETAILER,Abhijit Guin,Kotulpur,
West Bengal,Bankura,RETAILER,Aditya Kumar  Ojha,Vishnupur,
West Bengal,Bankura,RETAILER,Ajit Kr. Ghosh,Kotulpur,Karak Berya
West Bengal,Bankura,RETAILER,Aloke Kumar Saha,Patrasayer,Argara
West Bengal,Bankura,RETAILER,Alok Kumar Laha,Kotulpur,
West Bengal,Bankura,RETAILER,Amal Kumar Pattanayak,Khatra,
West Bengal,Bankura,RETAILER,Amita Sahu,Khatra,Sub District Headquater
West Bengal,Bankura,RETAILER,Amitava Mondal,Bankura - II,
West Bengal,Bankura,RETAILER,Amit Kundu,Bankura - I,
West Bengal,Bankura,RETAILER,Anil Baran Dey,,Sub District Headquater
West Bengal,Bankura,RETAILER,Araboni Ls Pacs Ltd,Onda,Chaulabad
West Bengal,Bankura,RETAILER,Asit Kumar Khan,Jaypur,Gelia
West Bengal,Bankura,RETAILER,Baliara Santore O Sonatapal Skus Ltd,Onda,Beliara
West Bengal,Bankura,RETAILER,Bankim Chandra Makur,Vishnupur,
West Bengal,Bankura,RETAILER,Banshi Skus Ltd,Bankura - I,Banshi
West Bengal,Bankura,RETAILER,Belepal Skus Ltd,Sarenga,Belapal
West Bengal,Bankura,RETAILER,Bhara Skus,Vishnupur,Bhara
West Bengal,Bankura,RETAILER,Bikas Pal,,Sub District Headquater
West Bengal,Bankura,RETAILER,Birashimul Sankrol Deogoria Skus Ltd,Indus,Birshimul
West Bengal,Bankura,RETAILER,Birsinghpur Skus Ltd.,Sonamukhi,Birsingpur
West Bengal,Bankura,RETAILER,Bonmukha Sk Us Ltd(Ok),Kotulpur,Banmukha
West Bengal,Bankura,RETAILER,Chamtamadhabpur Skus,Onda,Elyati
West Bengal,Bankura,RETAILER,Chandan Khan,Barjora,
West Bengal,Bankura,RETAILER,Chichinga Fatika Skus Ltd,Indus,Rol
West Bengal,Bankura,RETAILER,Chittya Ranjan Manna,Sonamukhi,
West Bengal,Bankura,RETAILER,Debabrata Dey,Onda,
West Bengal,Bankura,RETAILER,Debasis Mondal,Khatra,
West Bengal,Bankura,RETAILER,Debendu Duary,Patrasayer,
West Bengal,Bankura,RETAILER,Dibyendu Roy,,Sub District Headquater
West Bengal,Bankura,RETAILER,Dilip Kumar Chand,Ranibundh,Jantadumur
West Bengal,Bankura,RETAILER,Dinabandhu Kundu,Vishnupur,
West Bengal,Bankura,RETAILER,Dinabandhu Nandi,,
West Bengal,Bankura,RETAILER,Dinabondhu Dey,,Sub District Headquater
West Bengal,Bankura,RETAILER,Durga Das Dutta,,
West Bengal,Bankura,RETAILER,Eyakat Mallick,Sonamukhi,
West Bengal,Bankura,RETAILER,Felu Garai,Onda,Sub District Headquater
West Bengal,Bankura,RETAILER,Ganesh Ch. Salui,Khatra,
West Bengal,Bankura,RETAILER,Gopal Ch. Baul,,Sub District Headquater
West Bengal,Bankura,RETAILER,Gopal Ch. Gorai,,Sub District Headquater
West Bengal,Bankura,RETAILER,Gora Chand Kar,Khatra,
West Bengal,Bankura,RETAILER,Guinandi Skus Ltd,Onda,Guinandi
West Bengal,Bankura,RETAILER,Gunamoy Maji,,Sub District Headquater
West Bengal,Bankura,RETAILER,Guruprasad Goswami,Patrasayer,
West Bengal,Bankura,RETAILER,Hari Sadan Dey,,Sub District Headquater
West Bengal,Bankura,RETAILER,Hemanta Manna,Kotulpur,
West Bengal,Bankura,RETAILER,Jadabnagar Skus Ltd,Onda,Jadab Nagar
West Bengal,Bankura,RETAILER,Jagannath Samui,Jaypur,
West Bengal,Bankura,RETAILER,Jamini Mohan Kundu,,Sub District Headquater
West Bengal,Bankura,RETAILER,Jayanta Ash,,Sub District Headquater
West Bengal,Bankura,RETAILER,Jhaladhar Ghosh,,Sub District Headquater
West Bengal,Bankura,RETAILER,Jiabandi Skus Ltd,Vishnupur,Jiabandi
West Bengal,Bankura,RETAILER,Jiakanali Skus,Khatra,Jiakanali
West Bengal,Bankura,RETAILER,Jiten Panda,Khatra,Dhargram
West Bengal,Bankura,RETAILER,Kamala Kanta Sinhamahapatra,Khatra,
West Bengal,Bankura,RETAILER,Kanai Ch. Dey,Kotulpur,
West Bengal,Bankura,RETAILER,Kartick Chandra Rakshit,Vishnupur,Sub District Headquater
West Bengal,Bankura,RETAILER,Kartik Chandra Bisui,,Sub District Headquater
West Bengal,Bankura,RETAILER,Kelebola Skus Ltd,Bankura - II,Kelebala
West Bengal,Bankura,RETAILER,Kenety Skus Ltd,Indus,Keneti
West Bengal,Bankura,RETAILER,Kochkunda Skus Ltd,Barjora,Koch Kunda
West Bengal,Bankura,RETAILER,Krishi Bipani,Onda,Nakai Guri
West Bengal,Bankura,RETAILER,Kuchiakole Skus,Jaypur,Kuchiakol
West Bengal,Bankura,RETAILER,Kurebakra Skus Ltd,Khatra,
West Bengal,Bankura,RETAILER,Kushmuri Skus Ltd,Indus,Kushmuri
West Bengal,Bankura,RETAILER,Lego Skus,Kotulpur,Lego
West Bengal,Bankura,RETAILER,Lurka Skus Ltd,Raipur,Lurka
West Bengal,Bankura,RETAILER,Machatora Skus Ltd,Simlapal,Machatora
West Bengal,Bankura,RETAILER,Madan Chandra Nandi,Jaypur,Maynapur
West Bengal,Bankura,RETAILER,Madhurpur Skus,Jaypur,Madhurpur
West Bengal,Bankura,RETAILER,Madhusudan Guin,,Sub District Headquater
West Bengal,Bankura,RETAILER,Majirdanga Skus,Sonamukhi,Majir Danga
West Bengal,Bankura,RETAILER,Mangalpur Skus Ltd,Indus,Mangalpur
West Bengal,Bankura,RETAILER,Marasole Skus Ltd,Raipur,Marosol
West Bengal,Bankura,RETAILER,Matgoda L/S Pacs Ltd,Raipur,Matgoda
West Bengal,Bankura,RETAILER,Molebona Skus Ltd,Bankura - I,Molbana
West Bengal,Bankura,RETAILER,Morar Skus,Vishnupur,Marar
West Bengal,Bankura,RETAILER,Moudi Skus,Onda,Maudi
West Bengal,Bankura,RETAILER,Mrinal Kanti Mahapatra,Khatra,Bagjabra
West Bengal,Bankura,RETAILER,M/S Krishi Seba Kendra,Bankura - I,
West Bengal,Bankura,RETAILER,Mukundapur Skus,Simlapal,Mukundapur
West Bengal,Bankura,RETAILER,Muramouli Skus Ltd,Raipur,
West Bengal,Bankura,RETAILER,Nandadulal Dey,Vishnupur,Sub District Headquater
West Bengal,Bankura,RETAILER,Narendranath Baj,Patrasayer,
West Bengal,Bankura,RETAILER,Natherdanga Belut Skus Ltd,Indpur,Natherdanga
West Bengal,Bankura,RETAILER,Netai  Dutta,,Sub District Headquater
West Bengal,Bankura,RETAILER,Netkamla Skus Ltd,Saltora,Netkamla
West Bengal,Bankura,RETAILER,Nibraparulia  Indabinda Skus L,Sarenga,Nibra
West Bengal,Bankura,RETAILER,Nihar Baransannigrahi,,Sub District Headquater
West Bengal,Bankura,RETAILER,Nutangram Skus,Onda,Nutangram
West Bengal,Bankura,RETAILER,Onda Ls Pcacs,Onda,Onda
West Bengal,Bankura,RETAILER,Paharpur Skus,Onda,Paharpur
West Bengal,Bankura,RETAILER,Pairachali Skus,Indpur,
West Bengal,Bankura,RETAILER,Pakhanna Skus,Barjora,Pakhanna
West Bengal,Bankura,RETAILER,Palashdanga Skus Ltd,Bankura - II,Pratappur
West Bengal,Bankura,RETAILER,Paresh Nath Mondal,,Sub District Headquater
West Bengal,Bankura,RETAILER,Parsola Anchal Skus Ltd,Simlapal,Parasol
West Bengal,Bankura,RETAILER,Paschim Raipur Anchal Skbs Ltd,Raipur,
West Bengal,Bankura,RETAILER,Patgora Skus Ltd,Raipur,
West Bengal,Bankura,RETAILER,Patharmora Skus,Sonamukhi,Patharmara
West Bengal,Bankura,RETAILER,Pirrahboni Skus Ltd,Gangajalghati,Pirrabani
West Bengal,Bankura,RETAILER,Pitamber Subudhi,,Sub District Headquater
West Bengal,Bankura,RETAILER,Pradip Kr. Laha,Onda,
West Bengal,Bankura,RETAILER,Pradip Sukul,,Sub District Headquater
West Bengal,Bankura,RETAILER,Prakash Skus Ltd,Vishnupur,Prakash
West Bengal,Bankura,RETAILER,Prasanta Kundu,,Sub District Headquater
West Bengal,Bankura,RETAILER,Prasanta Musib,,Sub District Headquater
West Bengal,Bankura,RETAILER,Radhanagar Skus,Vishnupur,Radhanagar
West Bengal,Bankura,RETAILER,Radhanagar Skus Ltd,Taldangra,Radhanagar
West Bengal,Bankura,RETAILER,Radharamanpur Skus,Sonamukhi,Radharamanpur
West Bengal,Bankura,RETAILER,Raghunathpur Skus,Jaypur,Raghunathpur
West Bengal,Bankura,RETAILER,Rahagram Skus,Jaypur,Rajgram
West Bengal,Bankura,RETAILER,Raipur L/S Pacs Ltd,Raipur,
West Bengal,Bankura,RETAILER,Rajakata Skus Ltd,Ranibundh,Rajakata
West Bengal,Bankura,RETAILER,Rajat Kanty Sannigrahi,Khatra,
West Bengal,Bankura,RETAILER,Rajib Gorai,,Sub District Headquater
West Bengal,Bankura,RETAILER,Ramkrishna Fscs,Kotulpur,
West Bengal,Bankura,RETAILER,Ramnagar Layekpara Skus,Simlapal,
West Bengal,Bankura,RETAILER,Rangibari Skus,Khatra,Rangi Bari
West Bengal,Bankura,RETAILER,Ranipur Skus,Mejhia,Ranipur
West Bengal,Bankura,RETAILER,Ranjit Kumar Mal,Vishnupur,Sub District Headquater
West Bengal,Bankura,RETAILER,Rapatganj Skus,Sonamukhi,Rupat Ganj
West Bengal,Bankura,RETAILER,Ratanpur Ancholik Skus,Onda,Ratanpur
West Bengal,Bankura,RETAILER,Rauthkhanda Skus Ltd.,Jaypur,Rautkhanda
West Bengal,Bankura,RETAILER,Salkhara Skus,Patrasayer,Salkhara
West Bengal,Bankura,RETAILER,Santratentulmuri Skus Ltd,Kotulpur,Madanmohan Pur
West Bengal,Bankura,RETAILER,Saradamoni Skus,Kotulpur,Bhagalpur
West Bengal,Bankura,RETAILER,Saraswati Skus Ltd,Raipur,Satpatta
West Bengal,Bankura,RETAILER,Sital Prasad Nandi,,Sub District Headquater
West Bengal,Bankura,RETAILER,Somnath Haldar,,Sub District Headquater
West Bengal,Bankura,RETAILER,Sonamukhi Cadc Fscs Ltd,Sonamukhi,Dhulai
West Bengal,Bankura,RETAILER,Subrata Satpati,Khatra,
West Bengal,Bankura,RETAILER,Sujit Kumar Guin,Kotulpur,Sihar
West Bengal,Bankura,RETAILER,Sukumar Mondal,,Sub District Headquater
West Bengal,Bankura,RETAILER,Sukumar Sen,,
West Bengal,Bankura,RETAILER,Susanta Dey,Khatra,Goala Danga
West Bengal,Bankura,RETAILER,Susruta Banerjee,Sonamukhi,
West Bengal,Bankura,RETAILER,Swapan Sannigrahi,Vishnupur,
West Bengal,Bankura,RETAILER,Taldangra Skus Ltd.,Taldangra,Taldangra
West Bengal,Bankura,RETAILER,Tapan Kumar Khara,Ranibundh,Rudra
West Bengal,Bankura,RETAILER,Uday Sen,Raipur,Amritpal
West Bengal,Bankura,RETAILER,Ujjal Dutta,Onda,
West Bengal,Bankura,RETAILER,Uttarbar Anchal Skus Ltd.,Jaypur,Uttarbar
West Bengal,Bankura,RETAILER,Lodhana Skus,Onda,Lodna
West Bengal,Bankura,RETAILER,Naricha Skus Ltd.,Patrasayer,Naricha
West Bengal,Bankura,RETAILER,Patrasayer Tcms Ltd,Patrasayer,Patrasair
West Bengal,Bankura,RETAILER,Telur Skus Ltd,Patrasayer,
West Bengal,Bankura,RETAILER,Dhengasimul Skus Ltd,Taldangra,Jugda
West Bengal,Bankura,RETAILER,Bibarda Skus Ltd,Taldangra,Bibarda
West Bengal,Bankura,RETAILER,D.R.M.S Lamps Ltd,Raipur,
West Bengal,Bankura,RETAILER,Monoj Kumar Mahanty,Khatra,
West Bengal,Bankura,RETAILER,Chira Sundar Halder,Khatra,
West Bengal,Bankura,RETAILER,Aloke Kumar Dutta,,Sub District Headquater
West Bengal,Bankura,RETAILER,Sujoy Sen,Sarenga,Sukhadali
West Bengal,Bankura,RETAILER,Subhas Chandra Dutta,Khatra,
West Bengal,Bankura,RETAILER,Subal Ghosh,Barjora,
West Bengal,Bankura,RETAILER,Biplab Ghosh,Barjora,
West Bengal,Bankura,RETAILER,Sahapur Skus,Patrasayer,
West Bengal,Bankura,RETAILER,Basudeb Dey,Khatra,Sub District Headquater
West Bengal,Bankura,RETAILER,Asis Kumar Patra,Khatra,Sub District Headquater
West Bengal,Bankura,RETAILER,Subodh Chandra Mondal,Khatra,
West Bengal,Bankura,RETAILER,Ajoy Kumar Khan,Khatra,
West Bengal,Bankura,RETAILER,Biswanath Bhuin,,Sub District Headquater
West Bengal,Bankura,RETAILER,Chelepara Skus Ltd,Raipur,Amchurya
West Bengal,Bankura,RETAILER,Dilip Kumar Barat,,Sub District Headquater
West Bengal,Bankura,RETAILER,Goutam Kumar Ganguli,Raipur,Uparbanda
West Bengal,Bankura,RETAILER,Harasundar S.Mahapatra,Khatra,
West Bengal,Bankura,RETAILER,Helna Susunia Skus Ltd,Bankura - I,Helna
West Bengal,Bankura,RETAILER,Nandi Agro Service Centre,,Sub District Headquater
West Bengal,Bankura,RETAILER,Parimal Ghorai,,Sub District Headquater
West Bengal,Bankura,RETAILER,Smt. Asima Ghosh,,
West Bengal,Bankura,RETAILER,Tapas Pal,Khatra,
West Bengal,Bankura,RETAILER,Dutta Brothers,,
West Bengal,Bankura,RETAILER,Hemanta Kumar Nandy,Indus,
West Bengal,Bankura,RETAILER,Satinath Patra,,
West Bengal,Bankura,RETAILER,Anup Kumar De,Onda,
West Bengal,Bankura,RETAILER,Bablu Basuri,Bankura - I,
West Bengal,Bankura,RETAILER,Dubrajpur Skus,Sonamukhi,Ranpur
West Bengal,Bankura,RETAILER,Gopal Mukhopadhyay,Onda,
West Bengal,Bankura,RETAILER,Joy Guru Krishi Bhandar.,Onda,
West Bengal,Bankura,RETAILER,Joypur Fscs,Jaypur,Jaypur
West Bengal,Bankura,RETAILER,Mrityunjoy Nandi,,Sub District Headquater
West Bengal,Bankura,RETAILER,Netai Chandra Pal,,
West Bengal,Bankura,RETAILER,Pal Krishi Bhander,Onda,
West Bengal,Bankura,RETAILER,Rashbihari Ghosh,,Sub District Headquater
West Bengal,Bankura,RETAILER,Samar Kumar Pal,,Sub District Headquater
West Bengal,Bankura,RETAILER,Sanatan Ghosh,,Sub District Headquater
West Bengal,Bankura,RETAILER,Sandip  Banarjee,Vishnupur,
West Bengal,Bankura,RETAILER,Sudam Barui,,Sub District Headquater
West Bengal,Bankura,RETAILER,Tulsi Das Konar,,
West Bengal,Bankura,RETAILER,Hetia Skus Ltd.,Jaypur,Hetia
West Bengal,Bankura,RETAILER,Kochdihi Skus,Sonamukhi,Kochdihi
West Bengal,Bankura,RETAILER,Baidyanath Ghosh,Barjora,
West Bengal,Bankura,RETAILER,Dayamoy Dey,,Sub District Headquater
West Bengal,Bankura,RETAILER,Gopal Mukherjee,Barjora,
West Bengal,Bankura,RETAILER,Gurudas Mandal,Sarenga,
West Bengal,Bankura,RETAILER,Dipak Kumar Sinhababu,Khatra,
West Bengal,Bankura,RETAILER,Nutandihi Skus Ltd,Sarenga,Nutandihi
West Bengal,Bankura,RETAILER,Sabrakone F.S.C.S Ltd,Taldangra,Amdangra
West Bengal,Bankura,RETAILER,Searbedia S.K.U.S Ltd,Saltora,Shiarbedia
West Bengal,Bankura,RETAILER,Dewlagora Lamps,Hirbandh,Deulagara
West Bengal,Bankura,RETAILER,Maheshana Skus Ltd,Chhatna,Maheshana
West Bengal,Bankura,RETAILER,Rangametya Lamps,Chhatna,Rangametya
West Bengal,Bankura,RETAILER,Chandanpur S.K.U.S Ltd,Khatra,Simchaka
West Bengal,Bankura,RETAILER,Fuljam S.K.U.S Ltd,Gangajalghati,Nityanandapur
West Bengal,Bankura,RETAILER,Aloke Kumar Saha,,
West Bengal,Bankura,RETAILER,Amit Kumar  Dey,Indus,
West Bengal,Bankura,RETAILER,Arup Kumar Laha,Khatra,
West Bengal,Bankura,RETAILER,Ashima Krishi Bhander,Vishnupur,
West Bengal,Bankura,RETAILER,Asish Kumar Das,Simlapal,Kathjuria
West Bengal,Bankura,RETAILER,Asok Kumarpain,Raipur,Dharampur
West Bengal,Bankura,RETAILER,Astik Chhatait,Vishnupur,
West Bengal,Bankura,RETAILER,A.U.Sgroupofenterprise,,
West Bengal,Bankura,RETAILER,Basu  Deb De,,
West Bengal,Bankura,RETAILER,Bibhas Chandra   Mondal,Indus,
West Bengal,Bankura,RETAILER,Bimalendu Panja,Indus,
West Bengal,Bankura,RETAILER,Biswajit Misra,Khatra,Sub District Headquater
West Bengal,Bankura,RETAILER,Chandirani Singha,,Sub District Headquater
West Bengal,Bankura,RETAILER,Debasis Kundu,,Sub District Headquater
West Bengal,Bankura,RETAILER,Durgamata Krishi Bhandar,Vishnupur,
West Bengal,Bankura,RETAILER,Hari Sadan Dey,Khatra,Sub District Headquater
West Bengal,Bankura,RETAILER,Hazi Krishi Bhander,Sonamukhi,Ranpur
West Bengal,Bankura,RETAILER,Hemantapathak,,
West Bengal,Bankura,RETAILER,Jagannath Ghosh,Kotulpur,
West Bengal,Bankura,RETAILER,Jagannath Ghosh,Raipur,Dumuror
West Bengal,Bankura,RETAILER,Kalyan Kumar Saha,Vishnupur,
West Bengal,Bankura,RETAILER,Krishna  Mondal,Raipur,Pirra
West Bengal,Bankura,RETAILER,Laxmi Kanta Pal,,Sub District Headquater
West Bengal,Bankura,RETAILER,Mondalkrishi Bhandar,Saltora,
West Bengal,Bankura,RETAILER,Mrinail Kanti Pati,Khatra,
West Bengal,Bankura,RETAILER,Mrinal Chakraborty,,Sub District Headquater
West Bengal,Bankura,RETAILER,Mritunjay  Dey,Vishnupur,
West Bengal,Bankura,RETAILER,Nandi Agro Service Centre,,Sub District Headquater
West Bengal,Bankura,RETAILER,Na Rayanch.Maji,,Sub District Headquater
West Bengal,Bankura,RETAILER,Nibeditakrishi Bhandar,Gangajalghati,
West Bengal,Bankura,RETAILER,Ranjit Kumar Mishra,Khatra,
West Bengal,Bankura,RETAILER,Riyakrishi Bhandar,Gangajalghati,
West Bengal,Bankura,RETAILER,Samar Paul,Vishnupur,
West Bengal,Bankura,RETAILER,Sanjib   Halder,Sonamukhi,
West Bengal,Bankura,RETAILER,Sanjoy Kumar Das,Gangajalghati,
West Bengal,Bankura,RETAILER,San Kar Chandra   Mondal,Khatra,Sub District Headquater
West Bengal,Bankura,RETAILER,Sannasyi Krishi Bhander,,Sub District Headquater
West Bengal,Bankura,RETAILER,Santosh Kumar Ghosh,,Sub District Headquater
West Bengal,Bankura,RETAILER,Santoshmandal,,
West Bengal,Bankura,RETAILER,Satyabrata Sahu,,
West Bengal,Bankura,RETAILER,Satya Narayan Ghosh,Sonamukhi,
West Bengal,Bankura,RETAILER,Sovan Bid,,Sub District Headquater
West Bengal,Bankura,RETAILER,Srikanta Show,Vishnupur,
West Bengal,Bankura,RETAILER,Subal Hazra,Indus,
West Bengal,Bankura,RETAILER,Subhas Ch. Kapas,,
West Bengal,Bankura,RETAILER,Sudhir Chandra Mandal,Raipur,Uparbanda
West Bengal,Bankura,RETAILER,Sujit Nandi,Jaypur,
West Bengal,Bankura,RETAILER,Sukumar Chaudhury,,
West Bengal,Bankura,RETAILER,Sunil Kumar Nandi,Indus,
West Bengal,Bankura,RETAILER,Sushenmandal,,
West Bengal,Bankura,RETAILER,Swarup Datta,,
West Bengal,Bankura,RETAILER,Syubrata  Mondal,Indus,
West Bengal,Bankura,RETAILER,Tapan Kolay,Vishnupur,
West Bengal,Bankura,RETAILER,Tapan Kumar Kundu,Kotulpur,Sub District Headquater
West Bengal,Bankura,RETAILER,Tapan Kumar Nandi,Gangajalghati,
West Bengal,Bankura,RETAILER,Tapas Kumar Konar,,
West Bengal,Bankura,RETAILER,Saldiha-Baliguma Skus,Chhatna,Baliguma
West Bengal,Bankura,RETAILER,Karakanali Skus,Simlapal,Karakanali
West Bengal,Bankura,RETAILER,Bidna S.K.U S Ltd,Chhatna,Kharbana
West Bengal,Bankura,RETAILER,Housibad Skus Ltd,Chhatna,Hausibad
West Bengal,Bankura,RETAILER,Nabasan Skus Ltd,Patrasayer,Karajbani
West Bengal,Bankura,RETAILER,Kurulpahari S.K.U.S.Ltd,Khatra,Kurul Pahari
West Bengal,Bankura,RETAILER,Raghunathbati Skus Ltd,Patrasayer,
West Bengal,Bankura,RETAILER,Nadadihi Skus  Ltd,Bankura - II,
West Bengal,Bankura,RETAILER,Dhagaria Skus,Patrasayer,Nahala
West Bengal,Bankura,RETAILER,Kharsee Ratra Salikina Skus,Indus,Kharsi
West Bengal,Bankura,RETAILER,Khandari Skus,Barjora,Khanrari
West Bengal,Bankura,RETAILER,Saltora S.K.U.S. Ltd,Gangajalghati,Saltora
West Bengal,Bankura,RETAILER,Chingra S.K.U.S Ltd,Sarenga,Chingra
West Bengal,Bankura,RETAILER,Salchura S.K.U.S Ltd,Chhatna,Khobradihi
West Bengal,Bankura,RETAILER,Sonardanga Skus Ltd,Indpur,Sonardanga
West Bengal,Bankura,RETAILER,Khosalpur Skus,Patrasayer,Khosalpur
West Bengal,Bankura,RETAILER,Amadoba-Dhabani Skus Ltd,Khatra,Amdoba
West Bengal,Bankura,RETAILER,Dubrajpur S.K.U.S Ltd,Khatra,Dubrajpur
West Bengal,Bankura,RETAILER,Rina Mandal,Indpur,Gobindapur
West Bengal,Bankura,RETAILER,Joydev Pramanik,Khatra,Panpara
West Bengal,Bankura,RETAILER,Supravat Banerjee,Khatra,Balarampur
West Bengal,Bankura,RETAILER,Swapan Kumar Mandal,Hirbandh,Bauridihi
West Bengal,Bankura,RETAILER,Subhas Chandra Mahata,Khatra,Bara Gari
West Bengal,Bankura,RETAILER,Uttam Kumar Nayak,Taldangra,Panchmura
West Bengal,Bankura,RETAILER,Putul Mallick,Khatra,Sub District Headquater
West Bengal,Bankura,RETAILER,Asish Dutta,Ranibundh,Dhanara
West Bengal,Bankura,RETAILER,Tapan Kumar Roy,Hirbandh,Sub District Headquater
West Bengal,Bankura,RETAILER,Partha Sarathi Mallick,Khatra,Kankradara
West Bengal,Bankura,RETAILER,Swapan Kumar Chatterjee,Hirbandh,Mosiara
West Bengal,Bankura,RETAILER,Arunoday Mallick,Khatra,
West Bengal,Bankura,RETAILER,Madhusudan Gupta,Khatra,Supur
West Bengal,Bankura,RETAILER,Chaitali Mallick,Khatra,Kandnasol
West Bengal,Bankura,RETAILER,Swapan Kumar Chand,Hirbandh,Malian
West Bengal,Bankura,RETAILER,Subhabrata Mandal,Taldangra,Bibarda
West Bengal,Bankura,RETAILER,Partha Sarathi Ghosh,Indpur,Sub District Headquater
West Bengal,Bankura,RETAILER,Chinmoy Gorain,Saltora,Ituri
West Bengal,Bankura,RETAILER,Tarapada Roy,Hirbandh,Mosiara
West Bengal,Bankura,RETAILER,Murulidhar Mandal,Khatra,Dhahala
West Bengal,Bankura,RETAILER,Aditya Mondal,Saltora,Baghadabar
West Bengal,Bankura,RETAILER,Satyaban Gorai,Saltora,Tiluri
West Bengal,Bankura,RETAILER,Rajib Lochan Sen,Barjora,Maliara
West Bengal,Bankura,RETAILER,Sankar Nandi,Onda,Kanta Bari
West Bengal,Bankura,RETAILER,Kamakshya Pramanik,Saltora,Saltora
West Bengal,Bankura,RETAILER,Jitendra Nath Sen,Taldangra,Panchmura
West Bengal,Bankura,RETAILER,Girija Pathak,Indpur,Brahmandiha
West Bengal,Bankura,RETAILER,Baisnab Chandrasinghamahapatra,Simlapal,Mukundapur
West Bengal,Bankura,RETAILER,Susanta Pal,Taldangra,Khichka
West Bengal,Bankura,RETAILER,Sk. Akil Ahammed,Patrasayer,Rasulpur
West Bengal,Bankura,RETAILER,Mathurnath Ghosh,Barjora,
West Bengal,Bankura,RETAILER,Subrata Kumar Bannerjee,Barjora,Tajpur
West Bengal,Bankura,RETAILER,Swapan Saha,Sonamukhi,Sub District Headquater
West Bengal,Bankura,RETAILER,Kartik Das,Sonamukhi,Nityanandapur
West Bengal,Bankura,RETAILER,Paresh Ghosh,Sonamukhi,Kochdihi
West Bengal,Bankura,RETAILER,Kashinath Dutta,Patrasayer,Patrasair
West Bengal,Bankura,RETAILER,Dilip Kumar Bari,Patrasayer,Parashia
West Bengal,Bankura,RETAILER,Bappaditya Ghosh,Sonamukhi,Dariapur
West Bengal,Bankura,RETAILER,Amar Chakraborty,Sonamukhi,Patharmara
West Bengal,Bankura,RETAILER,Bibekananda Ghosh,Sonamukhi,Dhulai
West Bengal,Bankura,RETAILER,Sujit Kumar Ghosh,Sonamukhi,Palashdanga
West Bengal,Bankura,RETAILER,Santosh Kumar Patra,Sonamukhi,Khaer Bani
West Bengal,Bankura,RETAILER,Taraknath Dey,Sonamukhi,Palashdanga
West Bengal,Bankura,RETAILER,Swapan Kumar Ghosh,Sonamukhi,Dihipara
West Bengal,Bankura,RETAILER,Jitendranath Dey,Simlapal,Baricha
West Bengal,Bankura,RETAILER,Bhaktadas Rakshit,Jaypur,Jaypur
West Bengal,Bankura,RETAILER,Chitta Ranjan Mondal,Jaypur,Rautkhanda
West Bengal,Bankura,RETAILER,Sunil Kumar Singhamahapatra,Simlapal,Bikrampur
West Bengal,Bankura,RETAILER,Kartick Gorain,Saltora,Tiluri
West Bengal,Bankura,RETAILER,Madhumita Khan,Jaypur,Gelia
West Bengal,Bankura,RETAILER,Pran Krishna Koley,Jaypur,Rautkhanda
West Bengal,Bankura,RETAILER,Jagannath Sebai,Jaypur,
West Bengal,Bankura,RETAILER,Sabir Kumar Pal,Jaypur,Shukjora
West Bengal,Bankura,RETAILER,Subhash Chandra Das,Jaypur,Hetia
West Bengal,Bankura,RETAILER,Ranjan Marik,Jaypur,Sub District Headquater
West Bengal,Bankura,RETAILER,Sunil Baran Aikath,Jaypur,
West Bengal,Bankura,RETAILER,Satyabrata Nandi,Jaypur,Maynapur
West Bengal,Bankura,RETAILER,Mohima Mondal,Jaypur,Jagannathpur
West Bengal,Bankura,RETAILER,Tarun Ghosh,Jaypur,
West Bengal,Bankura,RETAILER,Mrityunjoy Chattopadhyay,Sonamukhi,Palashdanga
West Bengal,Bankura,RETAILER,Asit Kumar Pal,Barjora,Pakhanna
West Bengal,Bankura,RETAILER,Asoke Kumar Pal,Barjora,Tajpur
West Bengal,Bankura,RETAILER,Bablu Khan,Sonamukhi,Parbbatia
West Bengal,Bankura,RETAILER,Netai Chandra Das,Sonamukhi,Alampur
West Bengal,Bankura,RETAILER,Biswanath Jana,Sonamukhi,Purba Patrahati
West Bengal,Bankura,RETAILER,Smt. Bandana Das,Barjora,Pakhanna
West Bengal,Bankura,RETAILER,Deb Kumar Roy,Barjora,Hatashuria
West Bengal,Bankura,RETAILER,Sahadev Das,Sonamukhi,Alampur
West Bengal,Bankura,RETAILER,Apurba Kumar Mandal,Patrasayer,Mamudpur
West Bengal,Bankura,RETAILER,Dinesh Karmakar,Sonamukhi,Kashipur
West Bengal,Bankura,RETAILER,Deb Prasad Konar,Patrasayer,Ramsaer
West Bengal,Bankura,RETAILER,Dipak Kumar Ghosh,Patrasayer,Nimai Nagar
West Bengal,Bankura,RETAILER,Tapan Kumar Ghosh,Patrasayer,Naryanpur
West Bengal,Bankura,RETAILER,Sujata Konar,Sonamukhi,Birchandrapur
West Bengal,Bankura,RETAILER,Goutam Goswami,Sonamukhi,Basudebpur
West Bengal,Bankura,RETAILER,Hiren Chandra Nag,Sonamukhi,Dhan Simla
West Bengal,Bankura,RETAILER,Kanailal Roy,Indus,Somsar
West Bengal,Bankura,RETAILER,Kashi Nath Nag,Sonamukhi,Dhan Simla
West Bengal,Bankura,RETAILER,Murulidhar Ghosh,Sonamukhi,Sub District Headquater
West Bengal,Bankura,RETAILER,Sukumar Goswami,Sonamukhi,Sub District Headquater
West Bengal,Bankura,RETAILER,Tarasankar Namhata,Sonamukhi,Churamanipur
West Bengal,Bankura,RETAILER,Shyamapada Patra,Patrasayer,Hamirpur
West Bengal,Bankura,RETAILER,Adhir Banerjee,Sonamukhi,Dhan Simla
West Bengal,Bankura,RETAILER,Smt. Tanushree Chel,Sonamukhi,
West Bengal,Bankura,RETAILER,Helon Saw,Sonamukhi,Krishnabati
West Bengal,Bankura,RETAILER,Surajit Shit,Sonamukhi,Sub District Headquater
West Bengal,Bankura,RETAILER,Swapan Bannerjee,Sonamukhi,Sub District Headquater
West Bengal,Bankura,RETAILER,Chandrachur Das,Sonamukhi,Basudebpur
West Bengal,Bankura,RETAILER,Falguni Bhattacharjee,Sonamukhi,Mahanpur
West Bengal,Bankura,RETAILER,Oli Mohammed Shah,Sonamukhi,Jaga Mohanpur
West Bengal,Bankura,RETAILER,Asim Mal,Sonamukhi,Patharmara
West Bengal,Bankura,RETAILER,Dinesh Jana,Sonamukhi,Purba Patrahati
West Bengal,Bankura,RETAILER,Sabed Ali Mondal,Sonamukhi,Purba Dubrajpur
West Bengal,Bankura,RETAILER,Sibaram Hazra,Patrasayer,Patrasair
West Bengal,Bankura,RETAILER,Tapan Makur,Bankura - II,Sub District Headquater
West Bengal,Bankura,RETAILER,Sannyasi Mondal,Sonamukhi,Jaga Mohanpur
West Bengal,Bankura,RETAILER,Uttam Kumar Subuddhi,Vishnupur,Joykrishnapur
West Bengal,Bankura,RETAILER,Sandip Koley,Indus,Shyampur
West Bengal,Bankura,RETAILER,Santosh Kumar Mahanty,Sarenga,Sukhadali
West Bengal,Bankura,RETAILER,Shibaprasad Tantubay,Indpur,Indpur
West Bengal,Bankura,RETAILER,Banku Bihari Mohanty,Ranibundh,Jhilimili
West Bengal,Bankura,RETAILER,Sanatan Gorai,Khatra,Bara Gari
West Bengal,Bankura,RETAILER,Fulchand Mahata,Ranibundh,Malcharar
West Bengal,Bankura,RETAILER,Pradip Kumar Raha,Khatra,Kandnasol
West Bengal,Bankura,RETAILER,Prasanta Kumar Sen,Onda,Sadishta
West Bengal,Bankura,RETAILER,Sunil Kumar De,Bankura - II,
West Bengal,Bankura,RETAILER,Debasis Mandal,Simlapal,Birsingpur
West Bengal,Bankura,RETAILER,Rajib Chattopadhyay,Bankura - I,Kumidya
West Bengal,Bankura,RETAILER,Nandadulal Dutta,Indpur,Sub District Headquater
West Bengal,Bankura,RETAILER,Ashoke Kumar Modak,Mejhia,Jorsa
West Bengal,Bankura,RETAILER,Kashinath Dey,Indpur,Kalipahari
West Bengal,Bankura,RETAILER,Nepal Chandra Ghosh,Barjora,Sub District Headquater
West Bengal,Bankura,RETAILER,Manas Pati,Indpur,Khatgram
West Bengal,Bankura,RETAILER,Rudransu Pati,Indpur,Patirdang
West Bengal,Bankura,RETAILER,Tarinipada Pal,Taldangra,
West Bengal,Bankura,RETAILER,Dilip Layek,Barjora,Chhandar
West Bengal,Bankura,RETAILER,Sushil Ghosh,Barjora,Rajmadhabpur
West Bengal,Bankura,RETAILER,Goutam Layek,Gangajalghati,Sub District Headquater
West Bengal,Bankura,RETAILER,Netai Kundu,Bankura - I,Kenjakura
West Bengal,Bankura,RETAILER,Sanjib Kumar Maji,Gangajalghati,Rajamela
West Bengal,Bankura,RETAILER,Ramprasad Singha Mahapatra,Taldangra,Sub District Headquater
West Bengal,Bankura,RETAILER,Dilip Kumar Ghosh,Taldangra,Sub District Headquater
West Bengal,Bankura,RETAILER,Kalyan Ghosh,Bankura - I,Uparsol
West Bengal,Bankura,RETAILER,Falguni Mahanti,Simlapal,Lakshmanpur
West Bengal,Bankura,RETAILER,Samiran Chatterjee,Indpur,Brajarajpur
West Bengal,Bankura,RETAILER,Rajes De,Jaypur,Chhatra Ara
West Bengal,Bankura,RETAILER,Sanjoy Patra,Jaypur,Rautkhanda
West Bengal,Bankura,RETAILER,Tarun Dey,Jaypur,Ashurali
West Bengal,Bankura,RETAILER,Arup Chatterjee,Jaypur,Gopal Nagar
West Bengal,Bankura,RETAILER,Tusar Kumar Pal,Jaypur,Rajsol
West Bengal,Bankura,RETAILER,Kanailal Mondal,Raipur,Sub District Headquater
West Bengal,Bankura,RETAILER,Akhil Bandhu Ghosh,Kotulpur,Chak Chand
West Bengal,Bankura,RETAILER,Sukumar Ghosh,Kotulpur,Karak Berya
West Bengal,Bankura,RETAILER,Partha Pratim Dey,Indus,Sub District Headquater
West Bengal,Bankura,RETAILER,Manik Saha,Sonamukhi,Sahapur
West Bengal,Bankura,RETAILER,Ashis Mukherjee,Sonamukhi,Ichharia
West Bengal,Bankura,RETAILER,Parimal Garai,Bankura - I,Kasibedya
West Bengal,Bankura,RETAILER,Muzibar Rahaman Mondal,Patrasayer,Sub District Headquater
West Bengal,Bankura,RETAILER,Chittoranjan Dey,Indus,Sub District Headquater
West Bengal,Bankura,RETAILER,Dilip Kumar De,Indus,Shashpur
West Bengal,Bankura,RETAILER,Tanmoy Ghosh,Indus,Ausnara
West Bengal,Bankura,RETAILER,Mrinal Kanti Ghosh,Indus,Sub District Headquater
West Bengal,Bankura,RETAILER,Sk. Ilius,Indus,Bagmari
West Bengal,Bankura,RETAILER,Sk Nurul Islam,Indus,Santara
West Bengal,Bankura,RETAILER,Kazi Moniruddin,Indus,Bara Gobindapur
West Bengal,Bankura,RETAILER,Ajit Kumar Pati,Simlapal,Sub District Headquater
West Bengal,Bankura,RETAILER,Sanjoy Kumar Kundu,Saltora,Lakshmanpur
West Bengal,Bankura,RETAILER,Sk. Kibria,Indus,Sub District Headquater
West Bengal,Bankura,RETAILER,Sunil Chandra Bag,Bankura - I,
West Bengal,Bankura,RETAILER,Ardhendusekhar Singhamahapatra,Simlapal,Machatora
West Bengal,Bankura,RETAILER,Swapan Kumar Das,Barjora,Pratappur
West Bengal,Bankura,RETAILER,Ajit Bhandari,Barjora,Sub District Headquater
West Bengal,Bankura,RETAILER,Sandip Mandal,Bankura - I,Dabra
West Bengal,Bankura,RETAILER,Ashoke Mondal,Bankura - I,Kasibedya
West Bengal,Bankura,RETAILER,Uttam Kumar Roy,Hirbandh,Mosiara
West Bengal,Bankura,RETAILER,Debnath Ghar,Sonamukhi,
West Bengal,Bankura,RETAILER,Chaitanya Charan Soo,Sonamukhi,Sonamukhi (P)
West Bengal,Bankura,RETAILER,Subhas Roy,Sonamukhi,Methra
West Bengal,Bankura,RETAILER,Gautam Shit,Sonamukhi,Palshare
West Bengal,Bankura,RETAILER,Manoranjan Karmakar,Sonamukhi,Rupat Ganj
West Bengal,Bankura,RETAILER,Sanchay Nandi,Sonamukhi,Sonamukhi (P)
West Bengal,Bankura,RETAILER,Smt. Dipali Saha,Sonamukhi,
West Bengal,Bankura,RETAILER,Biswabandhu Chatterjee,Sonamukhi,Sub District Headquater
West Bengal,Bankura,RETAILER,Dhananjoy Patra,Sonamukhi,Kuldanga
West Bengal,Bankura,RETAILER,Kartick Chandra Gorai,Sonamukhi,Radha Mohanpur
West Bengal,Bankura,RETAILER,Ansuman Pal,Sonamukhi,Manik Bazar
West Bengal,Bankura,RETAILER,Md. Saifuddin Mallick,Sonamukhi,Ruppal
West Bengal,Bankura,RETAILER,Nirash Kanti Roy,Sonamukhi,Sub District Headquater
West Bengal,Bankura,RETAILER,Susanta Kumar Kundu,Sonamukhi,Aralkola
West Bengal,Bankura,RETAILER,Ajit Gorai,Sonamukhi,Uttar Dariapur
West Bengal,Bankura,RETAILER,Newton Garai,Sonamukhi,Radha Mohanpur
West Bengal,Bankura,RETAILER,Shyamal Kumar Koley,Jaypur,Hetia
West Bengal,Bankura,RETAILER,Manik Chandra Layek,Sonamukhi,Rampur
West Bengal,Bankura,RETAILER,Saroj Mandal,Jaypur,Kuchiakol
West Bengal,Bankura,RETAILER,Manikanchan Pal,Jaypur,Namchhara
West Bengal,Bankura,RETAILER,Haradhan Koley,Jaypur,Hetia
West Bengal,Bankura,RETAILER,Ananda Gopal Laha,Jaypur,
West Bengal,Bankura,RETAILER,Debiprasad Nandi,Jaypur,Hetia
West Bengal,Bankura,RETAILER,Subhendu Ghosh,Jaypur,Sub District Headquater
West Bengal,Bankura,RETAILER,Kartick Nandi,Jaypur,Ashurali
West Bengal,Bankura,RETAILER,Sumonta Kumar Ghosf,Jaypur,
West Bengal,Bankura,RETAILER,Uttam Pratihar,Jaypur,Jagannathpur
West Bengal,Bankura,RETAILER,Swapan Kumar Kundu,Jaypur,Tandighi
West Bengal,Bankura,RETAILER,Ashish Kumar Kole,Jaypur,Rautkhanda
West Bengal,Bankura,RETAILER,Sushanta Ghosh,Jaypur,Banna
West Bengal,Bankura,RETAILER,Mritunjoy De,Jaypur,Hetia
West Bengal,Bankura,RETAILER,Joylal Adhikari,Jaypur,Hetia
West Bengal,Bankura,RETAILER,Banshi Gopal Mukherjee,Jaypur,Balibil
West Bengal,Bankura,RETAILER,Ranjit Khan,Jaypur,Purusottampur
West Bengal,Bankura,RETAILER,Ashoke Mondal,Jaypur,
West Bengal,Bankura,RETAILER,Swapan Mondal,Jaypur,Hetia
West Bengal,Bankura,RETAILER,Arup Diyasi,Jaypur,Belia
West Bengal,Bankura,RETAILER,Sunil Kumar Manna,Jaypur,Maynapur
West Bengal,Bankura,RETAILER,Niranjan Kundu,Jaypur,
West Bengal,Bankura,RETAILER,Subhas Chandra Dey,Jaypur,Sub District Headquater
West Bengal,Bankura,RETAILER,Madan Mohan Laha,Jaypur,Kuchiakol
West Bengal,Bankura,RETAILER,Ainal Mondal,Jaypur,Baliguma
West Bengal,Bankura,RETAILER,Moukura S.K.U. Ltd,Sarenga,Maukura
West Bengal,Bankura,RETAILER,Dilip Kumar Mondal,Chhatna,
West Bengal,Bankura,RETAILER,Ranjit Low,Onda,Chhota Kurpa
West Bengal,Bankura,RETAILER,Jhapu Gopal Das,Bankura - II,
West Bengal,Bankura,RETAILER,Basudev Kundu,Chhatna,Sub District Headquater
West Bengal,Bankura,RETAILER,Sanjoy Dey,Taldangra,Taldangra
West Bengal,Bankura,RETAILER,Bangshidhar Maji,Gangajalghati,Kusthalia
West Bengal,Bankura,RETAILER,Basudev Harkara,Onda,Suklai
West Bengal,Bankura,RETAILER,Siromonipur Bijoya S.K.U.S Ltd,Raipur,Siromanipur
West Bengal,Bankura,RETAILER,Abul Hayat,Kotulpur,
West Bengal,Bankura,RETAILER,Goutam Gayen,Simlapal,Sub District Headquater
West Bengal,Bankura,RETAILER,Bhumilakshmikrishibhandar,Vishnupur,Sub District Headquater
West Bengal,Bankura,RETAILER,Churamoni Shit,Bankura - II,Sub District Headquater
West Bengal,Bankura,RETAILER,Sudhangshusekharmandal,Bankura - II,Bankati
West Bengal,Bankura,RETAILER,Haradhan Goswami,Chhatna,Sarberia
West Bengal,Bankura,RETAILER,Uttam Akhuli,Gangajalghati,Kusthalia
West Bengal,Bankura,RETAILER,Milan Bhui,Mejhia,Tarapur
West Bengal,Bankura,RETAILER,Dinesh Ash,Hirbandh,Nanda
West Bengal,Bankura,RETAILER,Dhirendranath De,Gangajalghati,Srichandrapur
West Bengal,Bankura,RETAILER,Prabir Nandi,Gangajalghati,Srichandrapur
West Bengal,Bankura,RETAILER,Ajit Kumar Kundu,Gangajalghati,Srichandrapur
West Bengal,Bankura,RETAILER,Gangadhar Ghosh,Onda,Chabra
West Bengal,Bankura,RETAILER,Nandadulal Kundu,Gangajalghati,Srichandrapur
West Bengal,Bankura,RETAILER,Samir Dey,Chhatna,Sub District Headquater
West Bengal,Bankura,RETAILER,Asit Kumar Deshmukh,Hirbandh,Lachaipur
West Bengal,Bankura,RETAILER,Rabindranath Laha,Simlapal,Patamechla
West Bengal,Bankura,RETAILER,Sibaprasad Dutta,Hirbandh,Jagatpur
West Bengal,Bankura,RETAILER,Pintu Mallick,Khatra,Simla
West Bengal,Bankura,RETAILER,Kalyan Prasad Patra,Indpur,Dubrajpur
West Bengal,Bankura,RETAILER,Madan Mohan Karak,Bankura - II,Sub District Headquater
West Bengal,Bankura,RETAILER,Swarup Mondal,Onda,Lodna
West Bengal,Bankura,RETAILER,Swarup Nandy,Sonamukhi,Pathara
West Bengal,Bankura,RETAILER,Tapan Kumar Bag,Hirbandh,Malian
West Bengal,Bankura,RETAILER,Tarak Nath Dutta,Patrasayer,Patrasair
West Bengal,Bankura,RETAILER,Babar Ali Mondal,Patrasayer,Rasulpur
West Bengal,Bankura,RETAILER,Nitu Chowdhury,Sonamukhi,Bondalhati
West Bengal,Bankura,RETAILER,Debabrata Guin,Sonamukhi,
West Bengal,Bankura,RETAILER,Tulsi Saw,Sonamukhi,Krishnabati
West Bengal,Bankura,RETAILER,Pankaj Pal,Sonamukhi,Amrita Para
West Bengal,Bankura,RETAILER,Dinabandhu Kundu,Chhatna,Sub District Headquater
West Bengal,Bankura,RETAILER,Madhab Dutta,Chhatna,Sub District Headquater
West Bengal,Bankura,RETAILER,Kuruna Kali Adhikari,Onda,Ratanpur
West Bengal,Bankura,RETAILER,Sadhupada Ghosh,Bankura - I,Sunuk Pahari
West Bengal,Bankura,RETAILER,Patit Paban Konar,Indpur,Bhatra
West Bengal,Bankura,RETAILER,Rupak Kar,Raipur,Lurka
West Bengal,Bankura,RETAILER,Sk. Safiur Rahaman,Patrasayer,Kanta Dighi
West Bengal,Bankura,RETAILER,Dalim Midya,Patrasayer,Khaer Bani
West Bengal,Bankura,RETAILER,Amaresh Dey,Jaypur,Maynapur
West Bengal,Bankura,RETAILER,Debrata Ghosh,Jaypur,Sub District Headquater
West Bengal,Bankura,RETAILER,Tarun Kumar Mondal,Patrasayer,Bijpur
West Bengal,Bankura,RETAILER,Radharaman Dhabal,Bankura - I,Sub District Headquater
West Bengal,Bankura,RETAILER,Prasanta Pal,Jaypur,Gaighata
West Bengal,Bankura,RETAILER,Sudeb Nandi,Kotulpur,Lego
West Bengal,Bankura,RETAILER,Sujit Rakshit,Chhatna,Sub District Headquater
West Bengal,Bankura,RETAILER,Dinabandhu Gorai,Bankura - II,Kadmaghati
West Bengal,Bankura,RETAILER,Sk. Abdur Rashid,Patrasayer,Biur
West Bengal,Bankura,RETAILER,Biswanath Banik,Patrasayer,Benda
West Bengal,Bankura,RETAILER,Ainal Mallick,Patrasayer,
West Bengal,Bankura,RETAILER,Biswanath Shee,Vishnupur,Dihar
West Bengal,Bankura,RETAILER,Joydeb Dey,Vishnupur,Chaubetya
West Bengal,Bankura,RETAILER,Sristidhar Hati,Patrasayer,
West Bengal,Bankura,RETAILER,Subodh Kumar Ghosh,Patrasayer,Lalpur
West Bengal,Bankura,RETAILER,Akkel Mondal,Vishnupur,Sub District Headquater
West Bengal,Bankura,RETAILER,Sujan Kundu,Patrasayer,Krishna Bati
West Bengal,Bankura,RETAILER,Rajkumar Santra,Vishnupur,Prakash
West Bengal,Bankura,RETAILER,Sasti Charan Konar,Patrasayer,Naryanpur
West Bengal,Bankura,RETAILER,Bhajan Kumar Pal,Khatra,Sub District Headquater
West Bengal,Bankura,RETAILER,Sk.Abdul Hakim,Kotulpur,Sub District Headquater
West Bengal,Bankura,RETAILER,Madhusudan Mondal,Kotulpur,Ramdiha
West Bengal,Bankura,RETAILER,Sasti Giri,Vishnupur,Marar
West Bengal,Bankura,RETAILER,Gangadhar Patra,Vishnupur,Marar
West Bengal,Bankura,RETAILER,Santi Kumar Biswas,Kotulpur,Sub District Headquater
West Bengal,Bankura,RETAILER,Netai Nandi,Patrasayer,Patrasair
West Bengal,Bankura,RETAILER,Bimal Kumar Mondal,Kotulpur,Koalpara
West Bengal,Bankura,RETAILER,Sailen Kumar Biswas,Kotulpur,Karak Berya
West Bengal,Bankura,RETAILER,Siddharta Sankar Mondal,Kotulpur,Lego
West Bengal,Bankura,RETAILER,Tapas Kumar Pal,Vishnupur,Abantika
West Bengal,Bankura,RETAILER,Shyamal Mandal,Vishnupur,Sub District Headquater
West Bengal,Bankura,RETAILER,Uttam Goswami,Vishnupur,Layek Band
West Bengal,Bankura,RETAILER,Ranjit Mohan Pal,Vishnupur,Dhengasol
West Bengal,Bankura,RETAILER,Ahamadulla Chowdhury,Vishnupur,Baliguma
West Bengal,Bankura,RETAILER,Harish Chandra Laha,Kotulpur,Lallbazar
West Bengal,Bankura,RETAILER,Dilip Kumar Nayak,Kotulpur,Sub District Headquater
West Bengal,Bankura,RETAILER,Jishu Majuri,Vishnupur,Majura
West Bengal,Bankura,RETAILER,Swapan Kumar Chakraborty,Vishnupur,Majura
West Bengal,Bankura,RETAILER,Chanchal Pal,Vishnupur,Ajodhya
West Bengal,Bankura,RETAILER,Biswanath Ghosh,Vishnupur,Bankati
West Bengal,Bankura,RETAILER,Susanti Pratihar,Vishnupur,Chaubetya
West Bengal,Bankura,RETAILER,Tarapada Chowdhury,Kotulpur,Gopalganja
West Bengal,Bankura,RETAILER,Nilotpal Dalal,Kotulpur,Madanmohan Pur
West Bengal,Bankura,RETAILER,Anil Kumar Dey,Vishnupur,Ajodhya
West Bengal,Bankura,RETAILER,Dilip Kumar Laha,Vishnupur,Dhengasol
West Bengal,Bankura,RETAILER,Amiya Kumar Mondal,Kotulpur,Sub District Headquater
West Bengal,Bankura,RETAILER,Abhijit Ghosh,Kotulpur,Tengrakhali
West Bengal,Bankura,RETAILER,Kaji Abdul Jabbar,Kotulpur,
West Bengal,Bankura,RETAILER,Dilip Kumar Dutta,Vishnupur,Sub District Headquater
West Bengal,Bankura,RETAILER,Sujoy Kumar Mondal,Kotulpur,Khiri
West Bengal,Bankura,RETAILER,Abdus Sukur Mondal,Kotulpur,Krishnanagar
West Bengal,Bankura,RETAILER,Madhusudan Mondal,Vishnupur,Sub District Headquater
West Bengal,Bankura,RETAILER,Baidyanath Ghosh,Kotulpur,
West Bengal,Bankura,RETAILER,Muktaram Mondal,Kotulpur,Deshra
West Bengal,Bankura,RETAILER,Md. Mashud Ali Mallick,Vishnupur,Sub District Headquater
West Bengal,Bankura,RETAILER,Shyamapada Shit,Vishnupur,Hinjuri
West Bengal,Bankura,RETAILER,Arup Bhuin,Taldangra,Taldangra
West Bengal,Bankura,RETAILER,Gurudas Chowdhury,Kotulpur,Ramdiha
West Bengal,Bankura,RETAILER,Bhaskar Chandra Nayak,Kotulpur,
West Bengal,Bankura,RETAILER,Manas Kumar Kundu,Kotulpur,Hazra Pushkarini
West Bengal,Bankura,RETAILER,Jatadhar Dutta,Kotulpur,Lallbazar
West Bengal,Bankura,RETAILER,Pareshnath Ghosh,Kotulpur,
West Bengal,Bankura,RETAILER,Chanchal Kumar Pal,Kotulpur,Lego
West Bengal,Bankura,RETAILER,Jarjis Ali Bangi,Kotulpur,Sub District Headquater
West Bengal,Bankura,RETAILER,Amit Kumar Ghosh,Kotulpur,Panahar
West Bengal,Bankura,RETAILER,Madanmohan Pal,Kotulpur,Tajpur
West Bengal,Bankura,RETAILER,Santinath Nandi,Kotulpur,Darapur
West Bengal,Bankura,RETAILER,Pran Gobinda Chakraborty,Kotulpur,Karak Berya
West Bengal,Bankura,RETAILER,Tapan Pal,Kotulpur,Koalpara
West Bengal,Bankura,RETAILER,Mahadeb Chandra,Kotulpur,Mirzapur
West Bengal,Bankura,RETAILER,Nilkanta Panja,Kotulpur,Gopinathpur
West Bengal,Bankura,RETAILER,Nemai Chandra Dey,Kotulpur,Mirzapur
West Bengal,Bankura,RETAILER,Ramranjan Ghosh,Kotulpur,Jayrambati
West Bengal,Bankura,RETAILER,Arun Kumar Kundu,Kotulpur,Darapur
West Bengal,Bankura,RETAILER,Purnendu Kumar Pal,Kotulpur,Sub District Headquater
West Bengal,Bankura,RETAILER,Atanka Bhanjan Ghosh,Kotulpur,Laugram
West Bengal,Bankura,RETAILER,Anath Bandhu Chakraborty,Kotulpur,
West Bengal,Bankura,RETAILER,Kantilal Mondal,Kotulpur,Laugram
West Bengal,Bankura,RETAILER,Prasanta Pal,Kotulpur,Balitha
West Bengal,Bankura,RETAILER,Mahadeb Ghosh,Kotulpur,Karak Berya
West Bengal,Bankura,RETAILER,Arijit Guin,Kotulpur,Sihar
West Bengal,Bankura,RETAILER,Dibdulal Biswas,Kotulpur,Chhakraghu
West Bengal,Bankura,RETAILER,Tapan Kumar Pal,Kotulpur,Lego
West Bengal,Bankura,RETAILER,Bijoy Kumar Mandi,Ranibundh,Barikul
West Bengal,Bankura,RETAILER,Uma Sankar Chowdhury,Jaypur,
West Bengal,Bankura,RETAILER,Lakshmi Kanta Mandal,Kotulpur,Ramdiha
West Bengal,Bankura,RETAILER,Santi Prasad Nayak,Raipur,Matgoda
West Bengal,Bankura,RETAILER,Dilip Kumar Pal,Simlapal,
West Bengal,Bankura,RETAILER,Krishna Chandra Pain,Khatra,Sub District Headquater
West Bengal,Bankura,RETAILER,Balaram Paine,Khatra,Sub District Headquater
West Bengal,Bankura,RETAILER,Tapan Layak,Barjora,
West Bengal,Bankura,RETAILER,Anshuman Das,Raipur,Nepura
West Bengal,Bankura,RETAILER,Rampada Layek,Barjora,Sub District Headquater
West Bengal,Bankura,RETAILER,Rohit Kundu,Bankura - I,Sub District Headquater
West Bengal,Bankura,RETAILER,Goutam De,Indus,Paharpur
West Bengal,Bankura,RETAILER,Manik Chandra Kundu,Chhatna,Sub District Headquater
West Bengal,Bankura,RETAILER,Somnath Chowdhury,Bankura - II,Kaljuri
West Bengal,Bankura,RETAILER,Swadhin Kumar Pal,Bankura - I,Sub District Headquater
West Bengal,Bankura,RETAILER,Biswajit Gorai,Bankura - II,Man Kanali
West Bengal,Bankura,RETAILER,Jhantulal Ghosh,Bankura - II,Kanchanpur
West Bengal,Bankura,RETAILER,Amit Kundu,Chhatna,Kharbana
West Bengal,Bankura,RETAILER,Karunamoy Pramanik,Gangajalghati,Nutangram
West Bengal,Bankura,RETAILER,Goutam Patra,Gangajalghati,Sub District Headquater
West Bengal,Bankura,RETAILER,Dipak Kumar Ghosh,Onda,Sub District Headquater
West Bengal,Bankura,RETAILER,Kantu De,Bankura - II,Man Kanali
West Bengal,Bankura,RETAILER,Debasis Patra,Onda,Bheduasol
West Bengal,Bankura,RETAILER,Anil Chandra Ghosh,Barjora,
West Bengal,Bankura,RETAILER,Samir Kundu,Onda,Nikunjapur
West Bengal,Bankura,RETAILER,Kartick Bangal,Bankura - II,Sub District Headquater
West Bengal,Bankura,RETAILER,Siddharta Sankar Pal,Sonamukhi,Simla
West Bengal,Bankura,RETAILER,Prabir Bannerjee,Barjora,Dadhimukha
West Bengal,Bankura,RETAILER,Sunil Haldar,Barjora,Sub District Headquater
West Bengal,Bankura,RETAILER,Rabilochan Maji,Barjora,Maliara
West Bengal,Bankura,RETAILER,Asit Baran Layek,Barjora,Uara
West Bengal,Bankura,RETAILER,Krishnendu Pandey,Barjora,Uara
West Bengal,Bankura,RETAILER,Purna Chandra Garai,Gangajalghati,Salbedya
West Bengal,Bankura,RETAILER,Subrata Maji,Barjora,Dejuri
West Bengal,Bankura,RETAILER,Partha Rakshit,Chhatna,Sub District Headquater
West Bengal,Bankura,RETAILER,Purna Chandra Kundu,Chhatna,Gurputa
West Bengal,Bankura,RETAILER,Sahadeb Ghosh,Onda,
West Bengal,Bankura,RETAILER,Lalmohan Kar,Chhatna,Kamalpur
West Bengal,Bankura,RETAILER,Samar Chandra Dey,Chhatna,Kharbana
West Bengal,Bankura,RETAILER,Bidyapati Nandi,Raipur,Sub District Headquater
West Bengal,Bankura,RETAILER,Sukumar Dalal,Raipur,
West Bengal,Bankura,RETAILER,Timir Kumar Mandal,Raipur,Siarbeda
West Bengal,Bankura,RETAILER,Arun Kumar Patra,Raipur,Kamalpur
West Bengal,Bankura,RETAILER,Uttam Kumar Dey,Taldangra,Sub District Headquater
West Bengal,Bankura,RETAILER,Ajit Kumar Mandal,Khatra,Sub District Headquater
West Bengal,Bankura,RETAILER,Baidyanath Baxi,Chhatna,Dubrajpur
West Bengal,Bankura,RETAILER,Himangshu Shit,Chhatna,Sub District Headquater
West Bengal,Bankura,RETAILER,Samiran Sen,Chhatna,Sub District Headquater
West Bengal,Bankura,RETAILER,Sadananda Mondal,Chhatna,Lohagar
West Bengal,Bankura,RETAILER,Swapan Ghosh,Onda,Hatbari
West Bengal,Bankura,RETAILER,Swarup Patra,Bankura - II,Salbani
West Bengal,Bankura,RETAILER,Sadhan Kumbhakar,Onda,Sub District Headquater
West Bengal,Bankura,RETAILER,Mihir Modak,Indpur,Sub District Headquater
West Bengal,Bankura,RETAILER,Madhusudan Ghosal,Chhatna,Chamkara
West Bengal,Bankura,RETAILER,SUDHIR PAL,Chhatna,
West Bengal,Bankura,RETAILER,Susanta Laha,Simlapal,Patamechla
West Bengal,Bankura,RETAILER,Dipak Kumar Sannigrahi,Simlapal,Beoncha
West Bengal,Bankura,RETAILER,Joydeb Sannigrahi,Simlapal,Kusmi
West Bengal,Bankura,RETAILER,Partha Patit Pal,Taldangra,Taldangra
West Bengal,Bankura,RETAILER,Lakshmi Kanta Pal,Simlapal,Sub District Headquater
West Bengal,Bankura,RETAILER,Rajib Kundu,Chhatna,Sub District Headquater
West Bengal,Bankura,RETAILER,Mohan Kundu,Gangajalghati,
West Bengal,Bankura,RETAILER,Bamapada Kundu,Barjora,Shitla
West Bengal,Bankura,RETAILER,Krishnapada Mallick,Chhatna,Aljhara
West Bengal,Bankura,RETAILER,Gouri Sankar Sarma,Mejhia,Mejhia
West Bengal,Bankura,RETAILER,Naba Ranjan Biswas,Patrasayer,Uttar Pataspur
West Bengal,Bankura,RETAILER,Paresh Nath Patra,Taldangra,Nachankonda
West Bengal,Bankura,RETAILER,Goutam Mondal,Taldangra,Tilaghagri
West Bengal,Bankura,RETAILER,Bablu Gorai,Saltora,Sub District Headquater
West Bengal,Bankura,RETAILER,Krishna Chandra Garai,Taldangra,Panchmura
West Bengal,Bankura,RETAILER,Abdul Hosen Khan,Taldangra,Rajpur
West Bengal,Bankura,RETAILER,Mrinal Kanti Chatterjee,Taldangra,Nachankonda
West Bengal,Bankura,RETAILER,Biswanath Choudhuri,Onda,Khamarbere
West Bengal,Bankura,RETAILER,Pradip Banerjee,Vishnupur,Joykrishnapur
West Bengal,Bankura,RETAILER,Surendranath Mahanti,Taldangra,Satmauli
West Bengal,Bankura,RETAILER,Debijit Nag,Taldangra,Sub District Headquater
West Bengal,Bankura,RETAILER,Asim Kumar Pal,Taldangra,Amdangra
West Bengal,Bankura,RETAILER,Susanta Patra,Taldangra,Methena
West Bengal,Bankura,RETAILER,Joydeb Dey,Taldangra,Satmauli
West Bengal,Bankura,RETAILER,Swapan Kumar Datta,Taldangra,
West Bengal,Bankura,RETAILER,Ananda Dutta,Chhatna,Sub District Headquater
West Bengal,Bankura,RETAILER,Ujjwal Kumar Pangas,Taldangra,Satmauli
West Bengal,Bankura,RETAILER,Gajanan Kundu,Chhatna,Kharbana
West Bengal,Bankura,RETAILER,Janardan Dey,Taldangra,Taldangra
West Bengal,Bankura,RETAILER,Tapati Dutta,Barjora,Sub District Headquater
West Bengal,Bankura,RETAILER,Arun Gorai,Bankura - II,Kesekol
West Bengal,Bankura,RETAILER,Binoy Shit,Bankura - I,Sub District Headquater
West Bengal,Bankura,RETAILER,Sujit Satpathi,Simlapal,Sub District Headquater
West Bengal,Bankura,RETAILER,Mahadev Dutta,Taldangra,Panchmura
West Bengal,Bankura,RETAILER,Mahadeb Dutta,Onda,Chandrakona
West Bengal,Bankura,RETAILER,Bablu Karmodak,Khatra,
West Bengal,Bankura,RETAILER,Ajit Kumar Goswami,Khatra,
West Bengal,Bankura,RETAILER,Ajay Kumar Mahato,Khatra,Sub District Headquater
West Bengal,Bankura,RETAILER,Bibekananda Karmodak,,
West Bengal,Bankura,RETAILER,Ranjit Kumar Mallick,Khatra,Danrrsol
West Bengal,Bankura,RETAILER,Shanti Gopal Dey,Ranibundh,
West Bengal,Bankura,RETAILER,Dilipkumarsinghamahapatra,Simlapal,Putiadaha
West Bengal,Bankura,RETAILER,Saktipada Sannigrahi,Khatra,Sub District Headquater
West Bengal,Bankura,RETAILER,Prabir Kumar Patra,Khatra,Sub District Headquater
West Bengal,Bankura,RETAILER,Chandan Pratihar,Taldangra,Taldangra
West Bengal,Bankura,RETAILER,Sanjoy Mandal,Raipur,Matgoda
West Bengal,Bankura,RETAILER,Shibaram Hatui,Khatra,Sub District Headquater
West Bengal,Bankura,RETAILER,Sunil Rakshit,Chhatna,
West Bengal,Bankura,RETAILER,Tapan Maji,Chhatna,Jirra
West Bengal,Bankura,RETAILER,Bivakar Kundu,Kotulpur,Aswinkota
West Bengal,Bankura,RETAILER,Asim Kumar Haldar,Chhatna,Saluni
West Bengal,Bankura,RETAILER,Buddhadev Garai,Khatra,Sub District Headquater
West Bengal,Bankura,RETAILER,Prabir Kumar Chakraborty,Onda,Khamarbere
West Bengal,Bankura,RETAILER,Arun Kumar Nandi,Kotulpur,Lego
West Bengal,Bankura,RETAILER,Saroj Kumar Majumder,Kotulpur,Balitha
West Bengal,Bankura,RETAILER,Arup Mondal,Kotulpur,Dashere
West Bengal,Bankura,RETAILER,Dhananjoy Nandi,Kotulpur,Gopalganja
West Bengal,Bankura,RETAILER,Sushovan Roy,Jaypur,Jujur
West Bengal,Bankura,RETAILER,Tarunkumarsahamondal,Taldangra,Satmauli
West Bengal,Bankura,RETAILER,Prasanta Koley,Jaypur,Rautkhanda
West Bengal,Bankura,RETAILER,Shyamapada Karmakar,Vishnupur,Marar
West Bengal,Bankura,RETAILER,Smt. Angur Pal,Taldangra,Sub District Headquater
West Bengal,Bankura,RETAILER,Nirod Baran Sannigrahi,Simlapal,Puipal
West Bengal,Bankura,RETAILER,Basudev Khan,Chhatna,Sub District Headquater
West Bengal,Bankura,RETAILER,Rabibdranath Das,Taldangra,Panchmura
West Bengal,Bankura,RETAILER,Kalipada Kundu,Vishnupur,Joykrishnapur
West Bengal,Bankura,RETAILER,Abubakar Mollah,Jaypur,Baliguma
West Bengal,Bankura,RETAILER,Yeasin Ali Mondal,Taldangra,Rajpur
West Bengal,Bankura,RETAILER,Sukumar Dey,Taldangra,Murakati
West Bengal,Bankura,RETAILER,Jagadalla Gorabari Skus Ltd.,Bankura - I,Dhaldanga
West Bengal,Bankura,RETAILER,Susantakumarsinghamahapatra,Simlapal,Sub District Headquater
West Bengal,Bankura,RETAILER,Dipali Mondal,Simlapal,Jagannathpur
West Bengal,Bankura,RETAILER,Samar Kumar Dhabal,Onda,Nikunjapur
West Bengal,Bankura,RETAILER,Manas Ghosh,Bankura - II,Kanchanpur
West Bengal,Bankura,RETAILER,Sushilkumarsinghababu,Simlapal,Sub District Headquater
West Bengal,Bankura,RETAILER,Ashis Baran Kotal,Onda,Machhrakhi
West Bengal,Bankura,RETAILER,Uttam Kumar Pal,Onda,Ratanpur
West Bengal,Bankura,RETAILER,Chittaranjan Gorai,Bankura - II,Kadmaghati
West Bengal,Bankura,RETAILER,Prabir Pathak,Khatra,Sub District Headquater
West Bengal,Bankura,RETAILER,Nimai Mandal,Taldangra,Sub District Headquater
West Bengal,Bankura,RETAILER,Sunil Kumar Biswas,Onda,Gopalpur
West Bengal,Bankura,RETAILER,Tarak Maji,Saltora,Sub District Headquater
West Bengal,Bankura,RETAILER,Rabilochan Pathak,Onda,Lodna
West Bengal,Bankura,RETAILER,Dharmaraj Ghosh,Barjora,Bhairabdanga
West Bengal,Bankura,RETAILER,Santosh Kumar Baru,Barjora,Bishanpur
West Bengal,Bankura,RETAILER,Sanjit Biswas,Sonamukhi,Nityanandapur
West Bengal,Bankura,RETAILER,Monohar Rakshit,Barjora,Hatashuria
West Bengal,Bankura,RETAILER,Dipak Dutta,Chhatna,Sub District Headquater
West Bengal,Bankura,RETAILER,Sibaprasad Patra,Taldangra,Bibarda
West Bengal,Bankura,RETAILER,Mahadev Pal,Jaypur,Maynapur
West Bengal,Bankura,RETAILER,Batakrishna Pal,Vishnupur,Sub District Headquater
West Bengal,Bankura,RETAILER,Uttam Kumar Das,Ranibundh,Jhilimili
West Bengal,Bankura,RETAILER,Shyamaprasad Haldar,Sarenga,Sarenga
West Bengal,Bankura,RETAILER,Dasarath Shit,Taldangra,Rajpur
West Bengal,Bankura,RETAILER,Lilabati Panda,Hirbandh,Guniada
West Bengal,Bankura,RETAILER,Monoj Kumar Mahanty,Hirbandh,Hir Bandh
West Bengal,Bankura,RETAILER,Ajoy Mondal,Taldangra,Bibarda
West Bengal,Bankura,RETAILER,Bikash Mallick,Raipur,Sub District Headquater
West Bengal,Bankura,RETAILER,Nandalal Dey,Sarenga,
West Bengal,Bankura,RETAILER,Ajit Kumar Das,Ranibundh,Dhadanga
West Bengal,Bankura,RETAILER,Sankar Shan Hota,Khatra,Sub District Headquater
West Bengal,Bankura,RETAILER,Ajit Patra,Sarenga,Majura
West Bengal,Bankura,RETAILER,Priya Ranjan Misra,Onda,Medinipur
West Bengal,Bankura,RETAILER,Samiran Mondal,Taldangra,Sub District Headquater
West Bengal,Bankura,RETAILER,Satya Dutta,Bankura - I,Kalpathar
West Bengal,Bankura,RETAILER,Jalalludin Molla,Onda,
West Bengal,Bankura,RETAILER,Aparna Chakraborty,Vishnupur,Sub District Headquater
West Bengal,Bankura,RETAILER,Alamgir Mondal,Onda,Sub District Headquater
West Bengal,Bankura,RETAILER,Manik Haldar,Hirbandh,Sub District Headquater
West Bengal,Bankura,RETAILER,Mahadev Patra,Indpur,Araldihi
West Bengal,Bankura,RETAILER,Sarban Kedia,Mejhia,Mejhia
West Bengal,Bankura,RETAILER,Mahananda Gorain,Saltora,Tiluri
West Bengal,Bankura,RETAILER,Tapas Kumar Deasi,Sonamukhi,Sona Dwipa
West Bengal,Bankura,RETAILER,Goutam Ghosh,Onda,Hirapur
West Bengal,Bankura,RETAILER,Sagar Chandra Pal,Onda,Binodnagar
West Bengal,Bankura,RETAILER,Tarun Kumar Das,Indpur,Bheduasol
West Bengal,Bankura,RETAILER,Anil Kumar Maji,Gangajalghati,Durlabhpur
West Bengal,Bankura,RETAILER,Sathi Mukherjee,Khatra,Sub District Headquater
West Bengal,Bankura,RETAILER,Uttam Mondal,Khatra,Kadra
West Bengal,Bankura,RETAILER,Sadhan Maji,Hirbandh,
West Bengal,Bankura,RETAILER,Nimai Pal,Vishnupur,Sub District Headquater
West Bengal,Bankura,RETAILER,Anup Garai,Onda,Sub District Headquater
West Bengal,Bankura,RETAILER,Manik Pal,Onda,Chabra
West Bengal,Bankura,RETAILER,Mansa Saw,Vishnupur,Chua Masina
West Bengal,Bankura,RETAILER,Durga Das Dutta,Taldangra,Saltara
West Bengal,Bankura,RETAILER,Balaram Khan,Onda,Maudi
West Bengal,Bankura,RETAILER,Kartick Dutta,Onda,Shalihan
West Bengal,Bankura,RETAILER,Chinmoy Nandi,Onda,Khamarbere
West Bengal,Bankura,RETAILER,Sk. Anowar Ali,Kotulpur,Panna
West Bengal,Bankura,RETAILER,Parthasarathi Kundu,Vishnupur,Bhara
West Bengal,Bankura,RETAILER,Tanmoy Barui,Onda,Sub District Headquater
West Bengal,Bankura,RETAILER,Manik Mukherjee,Onda,Puncha
West Bengal,Bankura,RETAILER,Damdi Pirrah Skus Ltd,Khatra,Damdi
West Bengal,Bankura,RETAILER,Khanpara S.K.U.S,Patrasayer,Khanpara
West Bengal,Bankura,RETAILER,Kundapuskarini Gpskus,Sonamukhi,Kunda Pushkarini
West Bengal,Bankura,RETAILER,Sujoy Kumar Sen,Onda,Onda
West Bengal,Bankura,RETAILER,Mathur Ghosh,Onda,Damasini
West Bengal,Bankura,RETAILER,Subrata Karmakar,Jaypur,Hijaldigha
West Bengal,Bankura,RETAILER,Arunangshu Chand,Sarenga,Sarenga
West Bengal,Bankura,RETAILER,Mandalkuli A.A.G.B Coop.Soc.,Raipur,Dumuror
West Bengal,Bankura,RETAILER,Subodh Chandra Mandal,Taldangra,Taldangra
West Bengal,Bankura,RETAILER,Sujit Karak,Sonamukhi,Kalyanpur
West Bengal,Bankura,RETAILER,Soumen Dey,Raipur,Katapal
West Bengal,Bankura,RETAILER,Sukumar Sen,Ranibundh,Rani Bandh
West Bengal,Bankura,RETAILER,Prasanta Dutta,Raipur,Jarka
West Bengal,Bankura,RETAILER,Rajib Das,Khatra,
West Bengal,Bankura,RETAILER,Mrinal Kundu,Raipur,Jashpara
West Bengal,Bankura,RETAILER,Rajabul Ali,Khatra,
West Bengal,Bankura,RETAILER,Aswini Das,Raipur,Matgoda
West Bengal,Bankura,RETAILER,Shyamapada Shannigrahi,Raipur,Penchakola
West Bengal,Bankura,RETAILER,Guru Pada Mahata,Khatra,Sub District Headquater
West Bengal,Bankura,RETAILER,Kushal Chandra Sahu,Khatra,Sub District Headquater
West Bengal,Bankura,RETAILER,Susanta Mahapatra,Sarenga,Dhepua
West Bengal,Bankura,RETAILER,Partha Roy,Gangajalghati,Barajuri
West Bengal,Bankura,RETAILER,Shib Sankar Sarkar,Saltora,Kashihir
West Bengal,Bankura,RETAILER,Nurul Hoda Mondal,Onda,Sub District Headquater
West Bengal,Bankura,RETAILER,Pravas Ranjan Pal,Saltora,Tiluri
West Bengal,Bankura,RETAILER,Samir Patra,Onda,Ratanpur
West Bengal,Bankura,RETAILER,Shyamaprasad Khan,Jaypur,Uttarbar
West Bengal,Bankura,RETAILER,Panchanan Gorai,Onda,Lapur
West Bengal,Bankura,RETAILER,Ranjit Diasi,Onda,Mankhamar
West Bengal,Bankura,RETAILER,Goutam Pan,Kotulpur,Gopinathpur
West Bengal,Bankura,RETAILER,Sk. Ruhul Amin,Kotulpur,Radhadamodar Pur
West Bengal,Bankura,RETAILER,Sushil Kumar Ghosh,Onda,Majdiha
West Bengal,Bankura,RETAILER,Harasundar Panda,Sarenga,Harinarayanpur
West Bengal,Bankura,RETAILER,Uttam Kumar Chattopadhyay,Taldangra,Saltara
West Bengal,Bankura,RETAILER,Basudeb Chatterjee,Onda,Nutangram
West Bengal,Bankura,RETAILER,Gopal Chandra Kundu,Chhatna,Kharbana
West Bengal,Bankura,RETAILER,Bishnu Mondal,Chhatna,Ampahari
West Bengal,Bankura,RETAILER,Amrit Ghanti,Saltora,Ilam Bazar
West Bengal,Bankura,RETAILER,Subhendu Mondal,Onda,Chaulabad
West Bengal,Bankura,RETAILER,Ganesh Chandra Bhuin,Onda,Lodna
West Bengal,Bankura,RETAILER,Anadi Sankar Patra,Indpur,Dangarampur
West Bengal,Bankura,RETAILER,Ganesh Datta,Onda,Shalihan
West Bengal,Bankura,RETAILER,Milan Manna,Onda,Jhati Bani
West Bengal,Bankura,RETAILER,Sanjoy Ghosal,Chhatna,Kamarkuli
West Bengal,Bankura,RETAILER,Golam Mustafa Mondal,Vishnupur,Sub District Headquater
West Bengal,Bankura,RETAILER,Desbandhu De,Raipur,Lurka
West Bengal,Bankura,RETAILER,Asit Baran Malgope,Onda,Madan Mohanpur
West Bengal,Bankura,RETAILER,Joydeb Ghosh,Sarenga,Bagjanta
West Bengal,Bankura,RETAILER,Indrajit Mahata,Ranibundh,Malcharar
West Bengal,Bankura,RETAILER,Anup Kumar Sangiri,Khatra,Sub District Headquater
West Bengal,Bankura,RETAILER,Prasanta Singha Mahapatra,Simlapal,Putiadaha
West Bengal,Bankura,RETAILER,Biplab Kumar Dutta,Sarenga,Sub District Headquater
West Bengal,Bankura,RETAILER,Jagadish Kundu,Hirbandh,Guniada
West Bengal,Bankura,RETAILER,Debendranath Bid,Simlapal,Hatibari
West Bengal,Bankura,RETAILER,Apurba Kumar Mallick,Ranibundh,Rani Bandh
West Bengal,Bankura,RETAILER,Nurislam Mondal,Onda,Sub District Headquater
West Bengal,Bankura,RETAILER,Susanta Maji,Saltora,Saltora
West Bengal,Bankura,RETAILER,Subhapriya Mondal,Taldangra,Bibarda
West Bengal,Bankura,RETAILER,Balai Mandal,Vishnupur,Sub District Headquater
West Bengal,Bankura,RETAILER,Iffdc Kbsk-Ranjit Kumar Mondal,Jaypur,Dasdighi
West Bengal,Bankura,RETAILER,Panchanan Chakraborty,Vishnupur,Marar
West Bengal,Bankura,RETAILER,Atikur Rahaman Mondal,Onda,Chingani
West Bengal,Bankura,RETAILER,Sital Pan,Indus,Kunjapur
West Bengal,Bankura,RETAILER,Chikon Ghosh,Indus,Bamania
West Bengal,Bankura,RETAILER,Tarasankar Dhua,Onda,Makarkol
West Bengal,Bankura,RETAILER,Somenath Nandi,Sonamukhi,
West Bengal,Bankura,RETAILER,Taraknath Mondal,Mejhia,Ghusra
West Bengal,Bankura,RETAILER,Dharmadas Mondal,Indus,
West Bengal,Bankura,RETAILER,Astik Chhatait,Vishnupur,Benda
West Bengal,Bankura,RETAILER,Wbssc Ltd.,Bankura - I,
West Bengal,Bankura,RETAILER,Madhusudan Pal,Vishnupur,Sub District Headquater
West Bengal,Bankura,RETAILER,SUKANTA HALDAR,Khatra,Birkham
West Bengal,Bankura,RETAILER,Jaydeb Chakraborty,Sonamukhi,
West Bengal,Bankura,RETAILER,Tarun Kumar Shit,Sonamukhi,Kuldanga
West Bengal,Bankura,RETAILER,Hirendranath Chakraborty,Bankura - II,
West Bengal,Bankura,RETAILER,Satyapada Nandi,Khatra,Kadra
West Bengal,Bankura,RETAILER,Nirmal Panda,Khatra,
West Bengal,Bankura,RETAILER,RAGHUNATH ZEW S.K.U.S.LTD,Khatra,
West Bengal,Bankura,RETAILER,Chartna Agro Produce,Bankura - I,
West Bengal,Bankura,RETAILER,Amit Mandal,Khatra,
West Bengal,Bankura,RETAILER,Rajesh Mondal,Khatra,Kadra
West Bengal,Bankura,RETAILER,Ananta Kumar Modak,Khatra,
West Bengal,Bankura,RETAILER,Nityananda Patra,Khatra,
West Bengal,Bankura,RETAILER,UTPL DEY,Khatra,Jasara
West Bengal,Bankura,RETAILER,Jagannath Chowdhury,Onda,
West Bengal,Bankura,RETAILER,Pradip Pal,Bankura - I,
West Bengal,Bankura,RETAILER,Tuhin Chowdhury,Khatra,
West Bengal,Bankura,RETAILER,Mujachedya Chashi Ghar,Onda,
West Bengal,Bankura,RETAILER,Sunil Khawas,Gangajalghati,
West Bengal,Bankura,RETAILER,Mrinal Kanti Mallick,Khatra,
West Bengal,Bankura,RETAILER,Tapan Kumar Paine,Khatra,
West Bengal,Bankura,RETAILER,Kaushik Kumar Mondal,Bankura - II,
West Bengal,Bankura,RETAILER,IFFDC-MORAR-KARUNA DEY,Vishnupur,
West Bengal,Bankura,RETAILER,IFFDC-FATIKA-ABUL H. MONDAL,Indus,Fatika
West Bengal,Bankura,RETAILER,BANAMALI DUTTA,Khatra,
West Bengal,Bankura,RETAILER,Mahadeb Mandal,Onda,Benajira
West Bengal,Bankura,RETAILER,Lalmohan Kundu,Kotulpur,
West Bengal,Bankura,RETAILER,Harisri Mondal,Jaypur,
West Bengal,Bankura,RETAILER,Lakshman Saini,Vishnupur,Marar
West Bengal,Bankura,RETAILER,Md.Saiful Islam Mondal,Vishnupur,Marar
West Bengal,Bankura,RETAILER,PANKAJ KUMAR PYNE,Taldangra,Harmasra
West Bengal,Bankura,RETAILER,Abhishek Sen,Onda,
West Bengal,Bankura,RETAILER,Sudip Chakroborty,Onda,
West Bengal,Bankura,RETAILER,Anadi Kumar Mahato,Khatra,
West Bengal,Bankura,RETAILER,Arup Kumar Shit,Bankura - I,
West Bengal,Bankura,RETAILER,Training,Bankura - I,
West Bengal,Bankura,RETAILER,Training,Bankura - I,
West Bengal,Bankura,RETAILER,training,Bankura - I,
West Bengal,Bankura,RETAILER,Traininig,Bankura - I,
West Bengal,Bankura,RETAILER,Training,Bankura - I,
West Bengal,Bankura,RETAILER,trining,Bankura - I,
West Bengal,Bankura,RETAILER,training,Bankura - I,
West Bengal,Bankura,RETAILER,MANBODH MAJI,Saltora,Bhangucha
West Bengal,Bankura,RETAILER,train,Bankura - I,
West Bengal,Bankura,RETAILER,SUBIR CHAKRABORTY,Onda,Ram Sagar
West Bengal,Bankura,RETAILER,SUBIR CHAKRABORTY,Onda,Ram Sagar
West Bengal,Bankura,RETAILER,AJIT MONDAL,Chhatna,Gurputa
West Bengal,Bankura,RETAILER,abc,Bankura - I,
West Bengal,Bankura,RETAILER,Sanjoy Sikdar,Sonamukhi,Sonamukhi (P)
West Bengal,Bankura,RETAILER,Narayan Chandra Maji,Gangajalghati,Gangajal Ghati
West Bengal,Bankura,RETAILER,Dipak Kumar Ghosh,Kotulpur,
West Bengal,Bankura,RETAILER,Sanjoy Dey,Khatra,
West Bengal,Bankura,RETAILER,Tanmoy Das,Khatra,
West Bengal,Bankura,RETAILER,Ranajit Sen,Khatra,
West Bengal,Bankura,RETAILER,Jamini Mallick,Khatra,
West Bengal,Bankura,RETAILER,Falguni Pati,Khatra,
West Bengal,Bankura,RETAILER,Goutam Prasad Dey,Bankura - II,
West Bengal,Bankura,RETAILER,PRABIR KUMAR SHIT,Bankura - I,Sunuk Pahari
West Bengal,Bankura,RETAILER,JITENDRA NATH BAG,Indpur,Chaukighata
West Bengal,Bankura,RETAILER,Mangal Pal,Onda,Onda
West Bengal,Bankura,RETAILER,Damodar Agro Producer Co. Ltd.,Barjora,
West Bengal,Bankura,RETAILER,Md. Nur Alam Mirdha,Vishnupur,Beliara
West Bengal,Bankura,RETAILER,Sambhunath Nayak,Vishnupur,Bhara
West Bengal,Bankura,RETAILER,Chandicharan Dey,Vishnupur,
West Bengal,Bankura,RETAILER,ALPANA DESHMUKH,Hirbandh,Lachaipur
West Bengal,Bankura,RETAILER,NUR ALAM MANDAL,Onda,Onda
West Bengal,Bankura,RETAILER,Noor Hussain Mondal,Vishnupur,
West Bengal,Bankura,RETAILER,Manik Mahapatra,Raipur,
West Bengal,Bankura,RETAILER,Agroproducer co ltd,Simlapal,Sinyajora
West Bengal,Bankura,RETAILER,Mitali Ghosh,Vishnupur,
West Bengal,Bankura,RETAILER,Biplab Sarkar,Patrasayer,
West Bengal,Bankura,RETAILER,Sukanta Mahapatra,Raipur,Matgoda
West Bengal,Bankura,RETAILER,Kripasindhu Mukherjee,Saltora,
West Bengal,Bankura,RETAILER,Subhas Chandra Mondal,Bankura - I,Kenjakura
West Bengal,Bankura,RETAILER,CHANDI DAS,Chhatna,Kulyara
West Bengal,Bankura,RETAILER,DHIRENDRANATH DEY,Ranibundh,Ambika Nagar
West Bengal,Bankura,RETAILER,SADANANDA MONDAL,Chhatna,Lohagar
West Bengal,Bankura,RETAILER,Dilip Pal,Onda,
West Bengal,Bankura,RETAILER,RAMANATH DALAL,Kotulpur,Madanmohan Pur
West Bengal,Bankura,RETAILER,SURYA SANKAR NANDI,Vishnupur,
West Bengal,Bankura,RETAILER,SANNTU GHOSH,Vishnupur,
West Bengal,Bankura,RETAILER,SANTOSH KUMAR GHOSH,Vishnupur,
West Bengal,Bankura,RETAILER,Pranay Kumar Roy,Kotulpur,
West Bengal,Bankura,RETAILER,BIJOY BAG,Indus,Haldi
West Bengal,Bankura,RETAILER,TARUN MONDAL,Kotulpur,Masinapur
West Bengal,Bankura,RETAILER,AMIRUL KHAN,Kotulpur,Deshra
West Bengal,Bankura,RETAILER,Abhijit Kundu,Onda,
West Bengal,Bankura,RETAILER,SUBHAJIT ROY,Kotulpur,Baladwip
West Bengal,Bankura,RETAILER,DILIP KUMAR PAL,Kotulpur,Madanmohan Pur
West Bengal,Bankura,RETAILER,SUBRATA MANDAL,Kotulpur,Tajpur
West Bengal,Bankura,RETAILER,ALI KRISHI VANDAR,Khatra,Senapatia
West Bengal,Bankura,RETAILER,Biswajit Singha,Khatra,
West Bengal,Bankura,RETAILER,Ramjan Ali Khan,Vishnupur,
West Bengal,Bankura,RETAILER,Bipadtaran Mondal ,Onda,
West Bengal,Bankura,RETAILER,SUNIL KUMAR GHOSH,Kotulpur,Nanagar
West Bengal,Bankura,RETAILER,SHIBAPRASAD MONDAL,Kotulpur,Aswinkota
West Bengal,Bankura,RETAILER,Sukumar Mandal,Khatra,
West Bengal,Bankura,RETAILER,Sukumar Mandal,Khatra,
West Bengal,Bankura,RETAILER,JULMAT ALI KHAN,Kotulpur,Balitha
West Bengal,Bankura,RETAILER,KALYAN KUMAR PAL,Kotulpur,Gopinathpur
West Bengal,Bankura,RETAILER,Manirul Zaman Mallick,Vishnupur,
West Bengal,Bankura,RETAILER,NIKHIL KUMAR NANDI,Kotulpur,Deshra
West Bengal,Bankura,RETAILER,Safiuddin Mondal,Vishnupur,
West Bengal,Bankura,RETAILER,SOMNATH MODAK,Ranibundh,Ambika Nagar
West Bengal,Bankura,RETAILER,ASHISH MONDAL,Indus,
West Bengal,Bankura,RETAILER,DURGA DAS BAGLI,Jaypur,
West Bengal,Bankura,RETAILER,MADHAV HALDAR,Chhatna,
West Bengal,Bankura,RETAILER,Santanu Patra,Onda,
West Bengal,Bankura,RETAILER,Mrityunjoy Nandi,Onda,
West Bengal,Bankura,RETAILER,Prabhat Kiran Pal,Barjora,
West Bengal,Bankura,RETAILER,Ajoy Mondal,Raipur,
West Bengal,Bankura,RETAILER,Gourisankar Hati,Indus,
West Bengal,Bankura,RETAILER,Santiram Mandal,Gangajalghati,
West Bengal,Bankura,RETAILER,RAMA GHOSH,Kotulpur,
West Bengal,Bankura,RETAILER,PROVAKAR GHOSH,Kotulpur,
West Bengal,Bankura,RETAILER,KARTICK LOHAR,Chhatna,
West Bengal,Bankura,RETAILER,Dipak Mahanty,Khatra,
West Bengal,Bankura,RETAILER,BIJOY DEY,Bankura - I,
West Bengal,Bankura,RETAILER,SWARUP NANDI,Bankura - I,
West Bengal,Bankura,RETAILER,Subhas Roy,Sonamukhi,
West Bengal,Bankura,RETAILER,SANJIB SINGHA,Onda,
West Bengal,Bankura,RETAILER,SASTI CHARAN KONER,Bankura - I,
West Bengal,Bankura,RETAILER,GANESH DUTTA,Onda,
West Bengal,Bankura,RETAILER,Dilip Chakroborty,Bankura - I,
West Bengal,Bankura,RETAILER,Dilip Kumar Samanta,Vishnupur,
West Bengal,Bankura,RETAILER,PRAKASH DASH,Khatra,
West Bengal,Bankura,RETAILER,JOYDEB SINHA MAHAPATRA,Khatra,
West Bengal,Bankura,RETAILER,Jiban Maji,Mejhia,
West Bengal,Bankura,RETAILER,Tarak Nath Buin,Onda,
West Bengal,Bankura,RETAILER,Abdul RAhaman Mondal,Onda,
West Bengal,Bankura,RETAILER,Kalidas Gorai,Saltora,
West Bengal,Bankura,RETAILER,Bholanath Gorai,Saltora,
West Bengal,Bankura,RETAILER,Madan Mohan Karmakar,Onda,
West Bengal,Bankura,RETAILER,Amit Chhatait,Onda,
West Bengal,Bankura,RETAILER,Bibhisan Mandal,Khatra,
West Bengal,Bankura,RETAILER,Asit Baran Mandal,Bankura - II,
West Bengal,Bankura,RETAILER,Taraknath Pal,Onda,
West Bengal,Bankura,RETAILER,BADAL CHANDRA MANDAL,Gangajalghati,
West Bengal,Bankura,RETAILER,BHRAMAR KOTAL,Bankura - II,
West Bengal,Bankura,RETAILER,Sumit Nandi,Onda,
West Bengal,Bankura,RETAILER,Elahi Krishi Bhandar,Jaypur,
West Bengal,Bankura,RETAILER,Ajijur Rahaman Khan,Taldangra,
West Bengal,Bankura,RETAILER,Himansu Mondal,Barjora,
West Bengal,Bankura,RETAILER,SOTTANARAYAN KRISHI BHANDAR,Patrasayer,
West Bengal,Bankura,RETAILER,Pranab Garai,Onda,
West Bengal,Bankura,RETAILER,Lakshmi Narayan Dutta,Onda,
West Bengal,Bankura,RETAILER,Swarup Kumar Ghosh,Vishnupur,
West Bengal,Bankura,RETAILER,Dilip Pal,Onda,
West Bengal,Bankura,RETAILER,TANMOY KUMAR MONDAL,Barjora,
West Bengal,Bankura,RETAILER,AMARESH MONDAL,Barjora,
West Bengal,Bankura,RETAILER,BAPPA GHOSH,Onda,
West Bengal,Bankura,RETAILER,ARYA KUMAR ,Sonamukhi,
West Bengal,Bankura,RETAILER,MALAY PAL,Patrasayer,
West Bengal,Bankura,RETAILER,BAPPADITYA ROY,Indus,
West Bengal,Bankura,RETAILER,SUJIT KUMAR MAJI,Sonamukhi,
West Bengal,Bankura,RETAILER,DIPANKAR MONDAL,Sonamukhi,
West Bengal,Bankura,RETAILER,MD. ALI MURTAJA MONDAL,Sonamukhi,
West Bengal,Bankura,RETAILER,PARHA PRATIM GHOSH,Patrasayer,
West Bengal,Bankura,RETAILER,BISHWAJIT PAL,Patrasayer,
West Bengal,Bankura,RETAILER,DIPAK PAL,Sonamukhi,
West Bengal,Bankura,RETAILER,ASIRBAD KRISHI BANDAR,Patrasayer,
West Bengal,Bankura,RETAILER,BISWAJIT BARUI,Sonamukhi,
West Bengal,Bankura,RETAILER,PRASANTA SAHA,Sonamukhi,
West Bengal,Bankura,RETAILER,BADAL MAJI,Onda,
West Bengal,Bankura,RETAILER,JYOTISH BAIDYA,Barjora,
West Bengal,Bankura,RETAILER,S K JINNA,Patrasayer,
West Bengal,Bankura,RETAILER,BABULAL BAIDYA,Bankura - II,
West Bengal,Bankura,RETAILER,SUBHAS NAYAK,Mejhia,
West Bengal,Bankura,RETAILER,GOPICHANDAN KUNDU,Indpur,
West Bengal,Bankura,RETAILER,ABANI BARUI,Bankura - I,
West Bengal,Bankura,RETAILER,GHOSH KRISHI BHANDAR,Patrasayer,
West Bengal,Bankura,RETAILER,ALOKE KUMAR DEY,Kotulpur,
West Bengal,Bankura,RETAILER,Dhrubagopal Bag,Bankura - I,
West Bengal,Bankura,RETAILER,SASTHI SAW,Sonamukhi,
West Bengal,Bankura,RETAILER,Sukumar Mandal,Khatra,
West Bengal,Bankura,RETAILER,GOPAL CHANDRA ROY,Kotulpur,
West Bengal,Bankura,RETAILER,Prasanta Kumar Dutta,Vishnupur,
West Bengal,Bankura,RETAILER,Tanmoy Nayek,Vishnupur,
West Bengal,Bankura,RETAILER,Biswajit De,Kotulpur,
West Bengal,Bankura,RETAILER,ANANYA KRISHI BHANDAR,Patrasayer,
West Bengal,Bankura,RETAILER,NANDI KRISHI BHANDAR,Patrasayer,
West Bengal,Bankura,RETAILER,SUDHIR PAL,Chhatna,
West Bengal,Bankura,RETAILER,BIVAS GHOSH,Jaypur,
West Bengal,Bankura,RETAILER,BIPOD TARAN GORAI,Barjora,
West Bengal,Bankura,RETAILER,JOYDEB NAYAK,Patrasayer,
West Bengal,Bankura,RETAILER,ABBASUDDIN MIDYA,Sonamukhi,
West Bengal,Bankura,RETAILER,RAMESH MANANTA,Hirbandh,
West Bengal,Bankura,RETAILER,Paresh Mondal,Khatra,
West Bengal,Bankura,RETAILER,SUJIT CHATTERJEE,Khatra,
West Bengal,Bankura,RETAILER,BIRENDRA NATH GHOSH,Ranibundh,
West Bengal,Bankura,RETAILER,SANJIB KUMAR MONDEL,Khatra,
West Bengal,Bankura,RETAILER,RUPALI NAYAK,Khatra,
West Bengal,Bankura,RETAILER,SUBHASIS RAKSHIT,Bankura - II,
West Bengal,Bankura,RETAILER,SRIKANTA SAMANTA,Barjora,
West Bengal,Bankura,RETAILER,GOUTAM PAL,Onda,
West Bengal,Bankura,RETAILER,SUBRATA CHOUDHURY,Onda,
West Bengal,Bankura,RETAILER,TAPAN KUMAR MONDAL,Chhatna,
West Bengal,Bankura,RETAILER,SOURABH PATRA,Indpur,
West Bengal,Bankura,RETAILER,SADANANDA GHOSH,Ranibundh,
West Bengal,Bankura,RETAILER,MUGLASUR SEKH,Kotulpur,
West Bengal,Bankura,RETAILER,Santimoy Mandal,Vishnupur,
West Bengal,Bankura,RETAILER,Kamal Krishna Kundu,Onda,
West Bengal,Bankura,RETAILER,Milan Manna,Onda,
West Bengal,Bankura,RETAILER,ANUKUL SIKDAR,Barjora,
West Bengal,Bankura,RETAILER,JAYANTA DEY,Gangajalghati,
West Bengal,Bankura,RETAILER,TUSAR KANTI CHATTERJEE,Jaypur,
West Bengal,Bankura,RETAILER,Patit Paban Sen,Vishnupur,
West Bengal,Bankura,RETAILER,TARIT KUMAR PATRA,Sonamukhi,
West Bengal,Bankura,RETAILER,Netai Chandra Pal,Onda,
West Bengal,Bankura,RETAILER,Jayanta Ghosh,Onda,
West Bengal,Bankura,RETAILER,Haradhan Kundu,Jaypur,
West Bengal,Bankura,RETAILER,Partha Pratim Pal,Onda,
West Bengal,Bankura,RETAILER,Shephali Datta,Taldangra,
West Bengal,Bankura,RETAILER,Amerulla Dalal,Taldangra,
West Bengal,Bankura,RETAILER,Md. Sadek Bhangi,Onda,
West Bengal,Bankura,RETAILER,Abdul Majid Khan,Taldangra,
West Bengal,Bankura,RETAILER,Swapan Ghosh,Onda,
West Bengal,Bankura,RETAILER,SIBDAS GOSWAMI,Onda,
West Bengal,Bankura,RETAILER,Labkumar Nandi,Onda,
West Bengal,Bankura,RETAILER,Sujit Ghosh,Onda,
West Bengal,Bankura,RETAILER,SUMANTA MONDAL,Onda,
West Bengal,Bankura,RETAILER,KONIKA DAS,Barjora,
West Bengal,Bankura,RETAILER,KRISHI LAXMI BHANDAR,Patrasayer,
West Bengal,Bankura,RETAILER,Kalyan Ghosh,Kotulpur,
West Bengal,Bankura,RETAILER,Mrityanjoy Dey,Jaypur,
West Bengal,Bankura,RETAILER,BENFED BANKURA,Bankura - I,
West Bengal,Bankura,RETAILER,SWAPAN GORAI,Onda,
West Bengal,Bankura,RETAILER,SOURAV SAMUI,Khatra,
West Bengal,Bankura,RETAILER,SANTU SARKAR,Khatra,
West Bengal,Bankura,RETAILER,SANJOY MONDAL,Bankura - I,
West Bengal,Bankura,RETAILER,BHUBANESWAR KRISHI BHANDER,Kotulpur,
West Bengal,Bankura,RETAILER,RAM PADA PAL,Bankura - II,
West Bengal,Bankura,RETAILER,Arijit Ghosh,Kotulpur,
West Bengal,Bankura,RETAILER,BELA KRISHI BHANDAR,Patrasayer,
West Bengal,Bankura,RETAILER,Beliatore Agro Producer Com Lt,Barjora,
West Bengal,Bankura,RETAILER,NUR ALI KHAN,Kotulpur,
West Bengal,Bankura,RETAILER,MADAN MOHAN SANKARI,Kotulpur,
West Bengal,Bankura,RETAILER,HARADHAN GHOSH,Kotulpur,
West Bengal,Bankura,RETAILER,Joy Kishan Krishi Bhandar,Bankura - I,
West Bengal,Bankura,RETAILER,Dipak Kumar mandel,Simlapal,
West Bengal,Bankura,RETAILER,Saheli Maji,Simlapal,
West Bengal,Bankura,RETAILER,KANCHAN KHAN,Sonamukhi,
West Bengal,Bankura,RETAILER,AJHARUDDIN KHAN,Sonamukhi,
West Bengal,Bankura,RETAILER,KADULAL SHIT,Sonamukhi,
West Bengal,Bankura,RETAILER,DEBABRATA LAHA,Sonamukhi,
West Bengal,Bankura,RETAILER,SANAT KUMAR GHOSH,Sonamukhi,
West Bengal,Bankura,RETAILER,SK MANSUR ALI,Kotulpur,
West Bengal,Bankura,RETAILER,SHYAMSPADA GORAI,Kotulpur,
West Bengal,Bankura,RETAILER,Kartik Garai,Chhatna,
West Bengal,Bankura,RETAILER,Sibdas Mondal,Chhatna,
West Bengal,Bankura,RETAILER,Swadesh Ghosh,Barjora,
West Bengal,Bankura,RETAILER,DEEP SARKAR,Barjora,
West Bengal,Bankura,RETAILER,Renuka dutta,Hirbandh,
West Bengal,Bankura,RETAILER,Bharat mandal,Hirbandh,
West Bengal,Bankura,RETAILER,ASIT BARAN MANDAL,Onda,
West Bengal,Bankura,RETAILER,Santanu Das Mandal,Raipur,
West Bengal,Bankura,RETAILER,Sougata Ghosh,Barjora,
West Bengal,Bankura,RETAILER,RAJIB DEY,Vishnupur,
West Bengal,Bankura,RETAILER,DULAL KUNDU,Jaypur,
West Bengal,Bankura,RETAILER,KANIKA DAS,Barjora,
West Bengal,Bankura,RETAILER,KAMAKSHMYA DEBI,Indus,
West Bengal,Bankura,RETAILER,PABITRA PAL,Jaypur,
West Bengal,Bankura,RETAILER,ASIM KUMAR MANDAL,Mejhia,
West Bengal,Bankura,RETAILER,SANTOSH KUMAR GHOSH,Barjora,
West Bengal,Bankura,RETAILER,WBSSCL,Bankura - I,
West Bengal,Bankura,RETAILER,TANMOY SO MANDEL,Barjora,
West Bengal,Bankura,RETAILER,Anup Kumar Dan,Barjora,
West Bengal,Bankura,RETAILER,UDAY SANKAR MANDAL,Jaypur,
West Bengal,Bankura,RETAILER,Sisir Kumar Pan,Kotulpur,
West Bengal,Bankura,RETAILER,RAJA SARKER,Patrasayer,
West Bengal,Bankura,RETAILER,MAHADEB CHANDRA DEY,Patrasayer,
West Bengal,Bankura,RETAILER,ALPANA MONDAL,Jaypur,
West Bengal,Bankura,RETAILER,SAFIKUL HAQUE,Patrasayer,
West Bengal,Bankura,RETAILER,SUBHASH CHANDRA SANTRA,Indus,
West Bengal,Bankura,RETAILER,KRISHNA KANTA MONDAL,Indus,
West Bengal,Bankura,RETAILER,NABA KUMAR NANDI,Indus,
West Bengal,Bankura,RETAILER,SK SADRUL,Kotulpur,
West Bengal,Bankura,RETAILER,PARTHA PRATICK SARKAR,Jaypur,
West Bengal,Bankura,RETAILER,SUBHABRATA MONDAL,Kotulpur,
West Bengal,Bankura,RETAILER,CHIRASREE KUNDU,Bankura - I,
West Bengal,Bankura,RETAILER,subhas layek,Barjora,
West Bengal,Bankura,RETAILER,mala krishi bhandar,Patrasayer,
West Bengal,Bankura,RETAILER,DAYAMOY MONDAL,Saltora,
West Bengal,Bankura,RETAILER,JYOTSNA KIRAN PAL,Barjora,
West Bengal,Bankura,RETAILER,BARAT KRISHI BHANDAR,Indus,
West Bengal,Bankura,RETAILER,SAIKAT ISLAM,Kotulpur,
West Bengal,Bankura,RETAILER,ANUP ARHI,Kotulpur,
West Bengal,Bankura,RETAILER,HALADHAR DAS,Barjora,
West Bengal,Bankura,RETAILER,SASTI CHARAN KONAR,Patrasayer,
West Bengal,Bankura,RETAILER,SASTI KUMAR MONDAL,Patrasayer,
West Bengal,Bankura,RETAILER,Pradip Das,Bankura - I,
West Bengal,Bankura,RETAILER,PATRASAYER TCMS-KAKARDANGA,Patrasayer,
West Bengal,Bankura,RETAILER,SANATAN LAKSHAN,Indus,
West Bengal,Bankura,RETAILER,MAHADEV PRAMANIK,Indus,
West Bengal,Bankura,RETAILER,PATRASAYER TCMS-BALSI,Patrasayer,
West Bengal,Bankura,RETAILER,PATRASAYER TCMS-JAMKURI,Patrasayer,
West Bengal,Bankura,RETAILER,abhijit mondal,Indus,
West Bengal,Bankura,RETAILER,GAYA SADHAN GARAI,Patrasayer,
West Bengal,Bankura,RETAILER,RANUKA KRISHI BHANDER,Vishnupur,
West Bengal,Bankura,RETAILER,PINTU KUMAR CHEL,Sonamukhi,
West Bengal,Bankura,RETAILER,NABAKUMAR ROY,Barjora,
West Bengal,Bankura,RETAILER,GANAPATI PALIT,Patrasayer,
West Bengal,Bankura,RETAILER,SUDARSHAN SUBUDDHI,Vishnupur,
West Bengal,Bankura,RETAILER,SAROY BERE,Sonamukhi,
West Bengal,Bankura,RETAILER,Jayanta Pal,Raipur,
West Bengal,Bankura,RETAILER,NITAI GORAI,Chhatna,
West Bengal,Bankura,RETAILER,AJIT KUMAR DAS,Chhatna,
West Bengal,Bankura,RETAILER,KARTIK GORAI,Chhatna,
West Bengal,Bankura,RETAILER,BAGULI S K U S LTD,Barjora,
West Bengal,Bankura,RETAILER,GHANASHYAM DALAL,Barjora,
West Bengal,Bankura,RETAILER,NAMAL CHATERJEE,Jaypur,
West Bengal,Bankura,RETAILER,SK RAJAUL,Indus,
West Bengal,Bankura,RETAILER,SEMANTA DEY,Indus,
West Bengal,Bankura,RETAILER,TUMPA GUIN,Sonamukhi,
West Bengal,Bankura,RETAILER,DELUAR HOSSEN MOLLA,Kotulpur,
West Bengal,Bankura,RETAILER,SAIKAT KUMAR NANDI,Kotulpur,
West Bengal,Bankura,RETAILER,SITARAM KRISHI BHANDAR,Indus,
West Bengal,Bankura,RETAILER,SUKUMAR CHATTERJEE,Sonamukhi,
West Bengal,Bankura,RETAILER,RAJIYABEGAM,Indus,
West Bengal,Bankura,RETAILER,Abhijit Maji,Sonamukhi,
West Bengal,Bankura,RETAILER,UTTAM NANDI,Jaypur,
West Bengal,Bankura,RETAILER,SADANANDA MAJI,Gangajalghati,
West Bengal,Bankura,RETAILER,SHYAMAL KUMAR SADHU,Mejhia,
West Bengal,Bankura,RETAILER,KAJAL GHANTY,Mejhia,
West Bengal,Bankura,RETAILER,MANAS KUMAR BASU,Indus,
West Bengal,Bankura,RETAILER,BIDYAPATI GHOSH,Patrasayer,
West Bengal,Bankura,RETAILER,SUBHAS CHANDRA PATRA,Jaypur,
West Bengal,Bankura,RETAILER,CHANDRA SEKHAR MAHANTA,Jaypur,
West Bengal,Bankura,RETAILER,SANJOY MOJUMDAR,Jaypur,
West Bengal,Bankura,RETAILER,SAHEB PAL,Jaypur,
West Bengal,Bankura,RETAILER,NARESH CHANDRA GARAI,Kotulpur,
West Bengal,Bankura,RETAILER,PRASANTA PAL,Jaypur,
West Bengal,Bankura,RETAILER,SABYASACHI GHOSH,Kotulpur,
West Bengal,Bankura,RETAILER,ABHIJIT GHOSH,Kotulpur,
West Bengal,Bankura,RETAILER,SUBHAS CHANDRA KOLE,Kotulpur,
West Bengal,Bankura,RETAILER,TAPAS PAL,Kotulpur,
West Bengal,Bankura,RETAILER,UTTAM KONAR,Bankura - II,
West Bengal,Bankura,RETAILER,ROHIMA KHATUN,Indus,
West Bengal,Bankura,RETAILER,ACHINTAY ROY,Indus,
West Bengal,Bankura,RETAILER,Tapas Banerjee,Sonamukhi,
West Bengal,Bankura,RETAILER,NIHAR RANJAN ROY,Jaypur,
West Bengal,Bankura,RETAILER,RAGHUNATHPUR SKUS LTD,Jaypur,
West Bengal,Bankura,RETAILER,AMIYO PAL,Barjora,
West Bengal,Bankura,RETAILER,KUCHIAKOL ASKUS LTD,Jaypur,
West Bengal,Bankura,RETAILER,JAHANGIR ALAM,Sonamukhi,
West Bengal,Bankura,RETAILER,UMAKANTA PAL,Sonamukhi,
West Bengal,Bankura,RETAILER,TUFAN KANTI GHOSH,Patrasayer,
West Bengal,Bankura,RETAILER,SUBRATA KONAR,Sonamukhi,
West Bengal,Bankura,RETAILER,ACHINTAY ROY,Indus,
West Bengal,Bankura,RETAILER,FIROJ SEIKH,Jaypur,
West Bengal,Bankura,RETAILER,HARADHAN GHOSH,Patrasayer,
West Bengal,Bankura,RETAILER,SRIDHAR NANDI,Kotulpur,
West Bengal,Bankura,RETAILER,JAGANNATH KUNDU,Kotulpur,
West Bengal,Bankura,RETAILER,AMITAVA MONDAL,Indus,
West Bengal,Bankura,RETAILER,BIDYUT KUMAR DE,Indus,
West Bengal,Bankura,RETAILER,SK SAIFUL,Kotulpur,
West Bengal,Bankura,RETAILER,BANSHIBADAN HENS,Kotulpur,
West Bengal,Bankura,RETAILER,SHYAMAL MONDAL,Mejhia,
West Bengal,Bankura,RETAILER,TARAK NATH MONDAL,Kotulpur,
West Bengal,Bankura,RETAILER,NEMAI GORAI,Mejhia,
West Bengal,Bankura,RETAILER,DEBDAS DEY,Jaypur,
West Bengal,Bankura,RETAILER,NARU GOPAL MANDAL,Taldangra,
West Bengal,Bankura,RETAILER,BISWARUP SHAW,Jaypur,
West Bengal,Bankura,RETAILER,SANOWAR MALLICK,Barjora,
West Bengal,Bankura,RETAILER,AJOY PAUL,Saltora,
West Bengal,Bankura,RETAILER,SOMNATH MODAK,Ranibundh,
West Bengal,Bankura,RETAILER,DURGAPADA PATRA,Kotulpur,
West Bengal,Bankura,RETAILER,BENOWAR HOSSAIN,Barjora,
West Bengal,Bankura,RETAILER,PREMANSU SAIN,Indus,
West Bengal,Bankura,RETAILER,BHAGBAT GHOSH,Kotulpur,
West Bengal,Bankura,RETAILER,ATANU CHOWDHURY,Kotulpur,
West Bengal,Bankura,RETAILER,BINA KUNDU,Bankura - I,
West Bengal,Bankura,RETAILER,RABILOCHAN PRAMANIK,Chhatna,
West Bengal,Bankura,RETAILER,AMALENDEUMANDAL,Khatra,
West Bengal,Bankura,RETAILER,SUMANTA PAL,Chhatna,
West Bengal,Bankura,RETAILER,RAMANATH CHOWDHURY,Bankura - II,
West Bengal,Bankura,RETAILER,AVIJIT TIKAIT,Bankura - I,
West Bengal,Bankura,RETAILER,TAPAS SINA MAHAPATRA,Simlapal,
West Bengal,Bankura,RETAILER,MD. RAHAMATULLAH SEIKH,Barjora,
West Bengal,Bankura,RETAILER,SIRAJUL ALI KHAN,Jaypur,
West Bengal,Bankura,RETAILER,MATHURA MANDOL,Sonamukhi,
West Bengal,Bankura,RETAILER,SADANANDA GHOSH,Kotulpur,
West Bengal,Bankura,RETAILER,SRIDHAR NANDI,Kotulpur,
West Bengal,Bankura,RETAILER,SIBAPRASAD,Vishnupur,
West Bengal,Bankura,RETAILER,Madhusudan Pal,Onda,
West Bengal,Bankura,RETAILER,LAXMINARAYAN KRISHI BHANDAR,Indus,
West Bengal,Bankura,RETAILER,UMAKANTA PAL,Sonamukhi,
West Bengal,Bankura,RETAILER,WBSSCL,Bankura - I,
West Bengal,Bankura,RETAILER,ASHOK GHOSH,Kotulpur,
West Bengal,Bankura,RETAILER,RANJAN KUMAR PAL,Kotulpur,
West Bengal,Bankura,RETAILER,DWIP DULAL BISWAS,Kotulpur,
West Bengal,Bankura,RETAILER,MD GIASUDDIN SHAIKH,Barjora,
West Bengal,Bankura,RETAILER,SWARUP KARAK,Sonamukhi,
West Bengal,Bankura,RETAILER,ASHOKE KUMAR SARKAR,Kotulpur,
West Bengal,Bankura,RETAILER,SUNIL CHANDRA DEY,Vishnupur,
West Bengal,Bankura,RETAILER,Pirumohondey Dey,Kotulpur,
West Bengal,Bankura,RETAILER,KHAYRUL HAQUE ZAMADER,Patrasayer,
West Bengal,Bankura,RETAILER,BIDUYT GHOSH,Patrasayer,
West Bengal,Bankura,RETAILER,SUKDEB GHOSHAL,Barjora,
West Bengal,Bankura,RETAILER,RANJIT GHOSH,Sonamukhi,
West Bengal,Bankura,RETAILER,KARTIK HAT,Vishnupur,
West Bengal,Bankura,RETAILER,BANSHIDHAR MAHATA,Khatra,
West Bengal,Bankura,RETAILER,SUNIL BARAN AIKAT,Jaypur,
West Bengal,Bankura,RETAILER,NARENDRANATH GHOSH,Gangajalghati,
West Bengal,Bankura,RETAILER,BARID BARAN PATI,Khatra,
West Bengal,Bankura,RETAILER,SAMAR GHOSH,Gangajalghati,
West Bengal,Bankura,RETAILER,ECADASPALLY S.K.U.S LTD.,Gangajalghati,
West Bengal,Bankura,RETAILER,SACHINDANANDA CHAKRABARTI,Jaypur,
West Bengal,Bankura,RETAILER,SUMAN PATRA,Khatra,
West Bengal,Bankura,RETAILER,SUKUMAR GHOSH,Barjora,
West Bengal,Bankura,RETAILER,SENDRA S K U S LTD,Bankura - II,
West Bengal,Bankura,RETAILER,AJIT KUMAR MAN,Barjora,
West Bengal,Bankura,RETAILER,GOBINDA PRASAD BAG,Khatra,
West Bengal,Bankura,RETAILER,SALBONI S K U S LTD,Bankura - II,
West Bengal,Bankura,RETAILER,CHANDICHARAN GHOSH,Vishnupur,
West Bengal,Bankura,RETAILER,JOYDEB MONDAL,Bankura - II,
West Bengal,Bankura,RETAILER,BISWANATH MAHATA,Khatra,
West Bengal,Bankura,RETAILER,TAPAN MUKHERJEE,Bankura - I,
West Bengal,Bankura,RETAILER,MIHIR MAJI,Saltora,
West Bengal,Bankura,RETAILER,JAMINI GORAI,Bankura - I,
West Bengal,Bankura,RETAILER,SUSANTA NANDI,Bankura - I,
West Bengal,Bankura,RETAILER,MANTUMOY CHATTAPADHYAY,Sonamukhi,
West Bengal,Bankura,RETAILER,PADMALOCHAN SINGHA MAHAPATRA,Khatra,
West Bengal,Bankura,RETAILER,Mihir Kumar Kundu,Sarenga,
West Bengal,Bankura,RETAILER,BIBHUTI BHANDAR,Khatra,
West Bengal,Bankura,RETAILER,JAMINI GORAI,Bankura - I,
West Bengal,Bankura,RETAILER,ASIT BARAN SINGHA,Gangajalghati,
West Bengal,Bankura,RETAILER,SHYAMAL DEY,Khatra,
West Bengal,Bankura,RETAILER,Tapan Kumar Paine,Khatra,
West Bengal,Bankura,RETAILER,DURGADAS SHARMA,Mejhia,
West Bengal,Bankura,RETAILER,TARAPADA SAHA,Sonamukhi,
West Bengal,Bankura,RETAILER,SEKH MD HARES ALI,Sonamukhi,
West Bengal,Bankura,RETAILER,PROSENJIT DAS,Patrasayer,
West Bengal,Bankura,RETAILER,MOFIJUL HOSSAIN MALLICK,Indus,
West Bengal,Bankura,RETAILER,SUBRATA PATRA,Khatra,
West Bengal,Bankura,RETAILER,SANJAY GARAI,Gangajalghati,
West Bengal,Bankura,RETAILER,NANDA DULAL HAT,Vishnupur,
West Bengal,Bankura,RETAILER,ACHINTYA DANA,Indus,
West Bengal,Bankura,RETAILER,Prabir Kumar Nandi,Gangajalghati,
West Bengal,Bankura,RETAILER,APURBA KUNDU,Sonamukhi,
West Bengal,Bankura,RETAILER,BIKASH DUTTA,Taldangra,
West Bengal,Bankura,RETAILER,ASHOKE KUMAR MANDAL,Hirbandh,
West Bengal,Bankura,RETAILER,ROUTHKHANDA ASKUS LIMITED,Jaypur,
West Bengal,Bankura,RETAILER,RAKHAHARI MANDAL,Raipur,
West Bengal,Bankura,RETAILER,RAJKUMAR MUKHERJEE,Patrasayer,
West Bengal,Bankura,RETAILER,MUJIBAR RAHAMAN MALLICK,Patrasayer,
West Bengal,Bankura,RETAILER,Shyam Sundar Nandi,Sarenga,
West Bengal,Bankura,RETAILER,SOMNATH SARKAR,Indus,
West Bengal,Bankura,RETAILER,LALMOHAN GANGULY,Sonamukhi,
West Bengal,Bankura,RETAILER,KALIPADA DAS,Khatra,
West Bengal,Bankura,RETAILER,HARISADHAN KHAN,Kotulpur,
West Bengal,Bankura,RETAILER,Biswajit Ash,Taldangra,
West Bengal,Bankura,RETAILER,Buddhadev Tantubay,Indpur,
West Bengal,Bankura,RETAILER,BISWAJIT PATRA,Khatra,
West Bengal,Bankura,RETAILER,SOUMAN MANDAL,Patrasayer,
West Bengal,Bankura,RETAILER,UDAY CHAND RAKSHIT,Indus,
West Bengal,Bankura,RETAILER,KAZI MADESWAR HOSSAIN,Indus,
West Bengal,Bankura,RETAILER,SANKAR SARKAR,Jaypur,
West Bengal,Bankura,RETAILER,BIBEKANANDA MUKHOPADHYAY,Vishnupur,
West Bengal,Bankura,RETAILER,ASHIM KUMAR ROY,Kotulpur,
West Bengal,Bankura,RETAILER,SMT. CHHAYA LAYEK,Khatra,
West Bengal,Bankura,RETAILER,atibur khan,Kotulpur,
West Bengal,Bankura,RETAILER,PRASANTA KUMAR BISWAS,Patrasayer,
West Bengal,Bankura,RETAILER,AMIYO KUMAR DAS,Barjora,
West Bengal,Bankura,RETAILER,CHAKPATRASAYER S.K.U.S,Patrasayer,
West Bengal,Bankura,RETAILER,Prakash Pathak,Raipur,
West Bengal,Bankura,RETAILER,Pranab Kumar Chatterjee,Indpur,
West Bengal,Bankura,RETAILER,JAMIRUL MALLICK,Patrasayer,
West Bengal,Bankura,RETAILER,SUMAN PATRA,Khatra,
West Bengal,Bankura,RETAILER,GOURANGA DE,Patrasayer,
West Bengal,Bankura,RETAILER,RAJKUMAR CHANAK,Kotulpur,
West Bengal,Bankura,RETAILER,QUAZI IFTIKAR HOSSAIN,Patrasayer,
West Bengal,Bankura,RETAILER,RANADIP GHOSH,Patrasayer,
West Bengal,Bankura,RETAILER,ASIT DEY,Onda,
West Bengal,Bankura,RETAILER,SUJIT KR. PATRA,Khatra,
West Bengal,Bankura,RETAILER,SUKANTA SALUI,Patrasayer,
West Bengal,Bankura,RETAILER,PRATAP MUKHERJEE,Khatra,
West Bengal,Bankura,RETAILER,MANTU KUMAR GHOSH,Indus,
West Bengal,Bankura,RETAILER,UDAYAN SKUS LTD,Indus,
West Bengal,Bankura,RETAILER,ARINDAM DANDAPAT,Khatra,
West Bengal,Bankura,RETAILER,PRASANTA PAL,Kotulpur,
West Bengal,Bankura,RETAILER,UTTAM MAHAPATRA,Raipur,
West Bengal,Bankura,RETAILER,AJIT KUMAR LATH,Vishnupur,
West Bengal,Bankura,RETAILER,BANSHI BADAN KUNDU,Patrasayer,
West Bengal,Bankura,RETAILER,MRITYUNJAY DAS,Indus,
West Bengal,Bankura,RETAILER,GONESH GORAI,Chhatna,
West Bengal,Bankura,RETAILER,SUDARSAN PAL,Patrasayer,
West Bengal,Bankura,RETAILER,DURGADAS SHARMA,Mejhia,
West Bengal,Bankura,RETAILER,piru mohan dey,Kotulpur,
West Bengal,Bankura,RETAILER,KRISHNA CHANDRA,Indus,
West Bengal,Bankura,RETAILER,BANTILLA SKUS Ltd,Khatra,
West Bengal,Bankura,RETAILER,MADHUSUDHAN ROY,Vishnupur,
West Bengal,Bankura,RETAILER,MAA MANASA KRISHI BHANDAR,Ranibundh,
West Bengal,Bankura,RETAILER,BADAL CHANDRA DAS,Ranibundh,
West Bengal,Bankura,RETAILER,GHOSH KRISHI BHANDAR,Ranibundh,
West Bengal,Bankura,RETAILER,DOLGOBINDA KUMBHAKAR,Khatra,
West Bengal,Bankura,RETAILER,SHIB SANKAR DAS,Ranibundh,
West Bengal,Bankura,RETAILER,GOUTAM SARKAR,Patrasayer,
West Bengal,Bankura,RETAILER,MAJIRDANGA SKUS LTD,Sonamukhi,
West Bengal,Bankura,RETAILER,TAPAN KUMAR MANDOL,Khatra,
West Bengal,Bankura,RETAILER,CHINTAHARAN RAY,Hirbandh,
West Bengal,Bankura,RETAILER,BALARAM MANDAL ,Khatra,
West Bengal,Bankura,RETAILER,DEBASIS PATRA,Hirbandh,
West Bengal,Bankura,RETAILER,MADHAB KUMBHAKAR,Hirbandh,
West Bengal,Bankura,RETAILER,KALIPADA DAS,Khatra,
West Bengal,Bankura,RETAILER,SUMANTA PATHAK,Indpur,
West Bengal,Bankura,RETAILER,Uday Banerjee,Sarenga,
West Bengal,Bankura,RETAILER,ARUN DUTTA,Indus,
West Bengal,Bankura,RETAILER,PRADIP MANDAL,Indpur,
West Bengal,Bankura,RETAILER,SANTI GOPAL DEY,Ranibundh,
West Bengal,Bankura,RETAILER,TUTUL DUTTA,Patrasayer,
West Bengal,Bankura,RETAILER,SURAJIT SHIT,Sonamukhi,
West Bengal,Bankura,RETAILER,Manjar Hussen Dalal,Onda,
West Bengal,Bankura,RETAILER,MOYNAPUR ASKUS LTD,Jaypur,
West Bengal,Bankura,RETAILER,NABAKUMAR KUNDU,Jaypur,
West Bengal,Bankura,RETAILER,SUTAPA CHATERJEE,Bankura - II,
West Bengal,Bankura,RETAILER,RADHANAGAR SKUS,Vishnupur,
West Bengal,Bankura,RETAILER,MAHATA FERTILIZER,Khatra,
West Bengal,Bankura,RETAILER,RIJAUL SEKH,Jaypur,
West Bengal,Bankura,RETAILER,Sukumar Mandal,Sarenga,
West Bengal,Bankura,RETAILER,MANAS KUMAR PANJA,Patrasayer,
West Bengal,Bankura,RETAILER,ASOKE KUMAR NAMHATA,Vishnupur,
West Bengal,Bankura,RETAILER,AWARAJ BANERJEE,Vishnupur,
West Bengal,Bankura,RETAILER,MADHAB KUMBHAKAR,Khatra,
West Bengal,Bankura,RETAILER,BASUDEV PAL,Patrasayer,
West Bengal,Bankura,RETAILER,CHANDI DAS MANDAL,Chhatna,
West Bengal,Bankura,RETAILER,MITALI S.K.U.S,Indus,
West Bengal,Bankura,RETAILER,MADHAB CHANDRA HALDER,Chhatna,
West Bengal,Bankura,RETAILER,MAHINUDDIN MALLICK,Patrasayer,
West Bengal,Bankura,RETAILER,JOYPUR FSCS LTD,Jaypur,
West Bengal,Bankura,RETAILER,RAMNATHPUR S K U S LTD,Chhatna,
West Bengal,Bankura,RETAILER,LARGE SIZE MULTIPURPOSE CO-OPE,Saltora,
West Bengal,Bankura,RETAILER,SWARAJ BANERJEE,Vishnupur,
West Bengal,Bankura,RETAILER,SRIKANTA PAN,Kotulpur,
West Bengal,Bankura,RETAILER,BIPAD TARAN LOHAR,Taldangra,
West Bengal,Bankura,RETAILER,Biswanath Bhui,Barjora,
West Bengal,Bankura,RETAILER,Uday chandra Pal,Patrasayer,
West Bengal,Bankura,RETAILER,Susanta Kumar Ghosh,Patrasayer,
West Bengal,Bankura,RETAILER,Amit Bhui,Barjora,
West Bengal,Bankura,RETAILER,Biswanath Mondal,Onda,
West Bengal,Bankura,RETAILER,MANTU MAJUMDAR,Patrasayer,
West Bengal,Bankura,RETAILER,SAHADEB NANDI,Mejhia,
West Bengal,Bankura,RETAILER,Biswanath Chowdhury,Onda,
West Bengal,Bankura,RETAILER,Goutam sarkar,Patrasayer,
West Bengal,Bankura,RETAILER,Surajit roy,Patrasayer,
West Bengal,Bankura,RETAILER,SANTINATH GHOSH,Vishnupur,
West Bengal,Bankura,RETAILER,Panua S K U S Ltd.,Kotulpur,
West Bengal,Bankura,RETAILER,SK ROMJAN ALI,Indus,
West Bengal,Bankura,RETAILER,SANJIB DUTTA,Ranibundh,
West Bengal,Bankura,RETAILER,Satish Chandra Mandal,Saltora,
West Bengal,Bankura,RETAILER,BHAGABANDH SKUS LTD,Bankura - I,
West Bengal,Bankura,RETAILER,Madhusudhan Pal,Barjora,
West Bengal,Bankura,RETAILER,RAMKRISHNA KRISHI BANDER,Ranibundh,
West Bengal,Bankura,RETAILER,Ajit Baran SinghaMahapatra,Sarenga,
West Bengal,Bankura,RETAILER,Mahapatra Agency,Raipur,
West Bengal,Bankura,RETAILER,JAHER AYO PROGRESSIVE F.C.,Raipur,
West Bengal,Bankura,RETAILER,SANJIB MISHRA,Khatra,
West Bengal,Bankura,RETAILER,RANIPUR SKUS LTD,Mejhia,
West Bengal,Bankura,RETAILER,Himangshu Sekhar Singhamahapat,Simlapal,
West Bengal,Bankura,RETAILER,Harihar Ghoshal,Barjora,
West Bengal,Bankura,RETAILER,AVIJIT NANDI,Indus,
West Bengal,Bankura,RETAILER,NABAKUMAR SENGUPTA,Indus,
West Bengal,Bankura,RETAILER,GOBINDA PRASAD DUTTA,Indus,
West Bengal,Bankura,RETAILER,BASUDEV CHOWDHURY,Barjora,
West Bengal,Bankura,RETAILER,BISWANATH GORAI,Saltora,
West Bengal,Bankura,RETAILER,Madhu sudan Pal,Barjora,
West Bengal,Bankura,RETAILER,Gobindaprasad Dutta,Indus,
West Bengal,Bankura,RETAILER,Sabir Ali Mondal,Vishnupur,
West Bengal,Bankura,RETAILER,SANNAYSI KOLEY,Kotulpur,
West Bengal,Bankura,RETAILER,Jan Muhomad Ali,Kotulpur,
West Bengal,Bankura,RETAILER,Sabir Ali Mondal,Vishnupur,
West Bengal,Bankura,RETAILER,m/s amrit chakraborty,Barjora,
West Bengal,Bankura,RETAILER,PRATYUSH MAJI,Barjora,
West Bengal,Bankura,RETAILER,PINTU GHOSH,Patrasayer,
West Bengal,Bankura,RETAILER,MURALI DHAR BANERJEE,Bankura - I,
West Bengal,Bankura,RETAILER,MADHAB CHANDRA MAJUMDAR,Barjora,
West Bengal,Bankura,RETAILER,TAMAL MISHRA,Patrasayer,
West Bengal,Bankura,RETAILER,Joydeep Mondal,Chhatna,
West Bengal,Bankura,RETAILER,MANIK KUMAR ROY,Patrasayer,
West Bengal,Bankura,RETAILER,KRITTIBAS DAS,Khatra,
West Bengal,Bankura,RETAILER,AUDHYA KRISHI BHANDER,Barjora,
West Bengal,Bankura,RETAILER,SUSHANTA KR GHOSH,Patrasayer,
West Bengal,Bankura,RETAILER,CHARU CHANDRA GORAI,Bankura - I,
West Bengal,Bankura,RETAILER,JAYGURU KRISHI BHANDAR,Hirbandh,
West Bengal,Bankura,RETAILER,Subhas Chandra Samui,Jaypur,
West Bengal,Bankura,RETAILER,Jitendra Nath Hans,Kotulpur,
West Bengal,Bankura,RETAILER,JHUMA PAL,Patrasayer,
West Bengal,Bankura,RETAILER,BABY SINGHA HAZRA,Barjora,
West Bengal,Bankura,RETAILER,Suvadeep Biswas,Kotulpur,
West Bengal,Bankura,RETAILER,JAGADANANDA SOME,Patrasayer,
West Bengal,Bankura,RETAILER,ARBAN MARIK,Sonamukhi,
West Bengal,Bankura,RETAILER,GURUPADA CHOUDHURY,Kotulpur,
West Bengal,Bankura,RETAILER,KAZI MOFIJUL HAQUE,Patrasayer,
West Bengal,Bankura,RETAILER,Debashish Mandol,Patrasayer,
